timestamp,type,content,session_id
1/1/2023 8:00,button,"""搜索""",S_5
1/1/2023 8:07,button,基于RPA-LFD可视化快速检测肺炎克雷伯菌方法的建立及评价,S_30
1/1/2023 8:17,button," ""基因编辑水稻RPA-CRISPR/Cas12b快速检测方法的建立""",S_14
1/1/2023 8:13,filed,"""PDF下载""",S_39
1/1/2023 8:25,button,CRISPR-Cas检测系统在食品供应链中安全防控的应用研究进展,S_39
1/1/2023 8:12,filed,基于CRISPR/Cas12a系统联合重组酶聚合酶扩增的鸭星状病毒2型核酸检测试纸条的制备,S_37
1/1/2023 8:19,filed," ""RPA+AI在企业财务领域应用研究及实践""",S_41
1/1/2023 8:18,filed,"""检索""",S_37
1/1/2023 8:42,button,"""检索""",S_21
1/1/2023 9:12,filed,CRISPR-Cas检测系统在食品供应链中安全防控的应用研究进展,S_23
1/1/2023 8:58,button,基于RPA-LFD可视化快速检测肺炎克雷伯菌方法的建立及评价,S_3
1/1/2023 8:37,filed," ""基因编辑水稻RPA-CRISPR/Cas12b快速检测方法的建立""",S_30
1/1/2023 8:21,button,"""检索""",S_16
1/1/2023 9:10,filed,"""检索""",S_17
1/1/2023 10:06,filed,"""搜索""",S_37
1/1/2023 9:00,filed,基于CRISPR/Cas12a系统联合重组酶聚合酶扩增的鸭星状病毒2型核酸检测试纸条的制备,S_4
1/1/2023 8:14,button,"""检索""",S_14
1/1/2023 8:56,button,CRISPR-Cas检测系统在食品供应链中安全防控的应用研究进展,S_10
1/1/2023 10:58,button,基于RPA-LFD可视化快速检测肺炎克雷伯菌方法的建立及评价,S_43
1/1/2023 9:26,button,"""PDF下载""",S_27
1/1/2023 9:56,button,"""检索""",S_37
1/1/2023 11:06,button,热带水产品中溶藻弧菌重组酶聚合酶等温扩增快速检测方法的建立,S_4
1/1/2023 11:35,filed," ""基因编辑水稻RPA-CRISPR/Cas12b快速检测方法的建立""",S_5
1/1/2023 10:58,filed,基于RPA-LFD可视化快速检测肺炎克雷伯菌方法的建立及评价,S_41
1/1/2023 9:45,button,CRISPR-Cas检测系统在食品供应链中安全防控的应用研究进展,S_9
1/1/2023 9:30,button,基于CRISPR/Cas12a系统联合重组酶聚合酶扩增的鸭星状病毒2型核酸检测试纸条的制备,S_49
1/1/2023 8:54,filed,"""检索""",S_12
1/1/2023 8:53,filed,"""搜索""",S_38
1/1/2023 9:54,button," ""基因编辑水稻RPA-CRISPR/Cas12b快速检测方法的建立""",S_32
1/1/2023 9:02,button,基于RPA-LFD可视化快速检测肺炎克雷伯菌方法的建立及评价,S_50
1/1/2023 8:13,filed,基于CRISPR/Cas12a系统联合重组酶聚合酶扩增的鸭星状病毒2型核酸检测试纸条的制备,S_11
1/1/2023 12:48,button," ""RPA+AI在企业财务领域应用研究及实践""",S_48
1/1/2023 9:36,button,基于RPA-LFD可视化快速检测肺炎克雷伯菌方法的建立及评价,S_40
1/1/2023 10:38,filed,"""PDF下载""",S_8
1/1/2023 12:00,button,"""搜索""",S_45
1/1/2023 8:44,button,CRISPR-Cas检测系统在食品供应链中安全防控的应用研究进展,S_8
1/1/2023 8:19,filed," ""基因编辑水稻RPA-CRISPR/Cas12b快速检测方法的建立""",S_38
1/1/2023 12:28,button,热带水产品中溶藻弧菌重组酶聚合酶等温扩增快速检测方法的建立,S_13
1/1/2023 12:01,filed,基于CRISPR/Cas12a系统联合重组酶聚合酶扩增的鸭星状病毒2型核酸检测试纸条的制备,S_27
1/1/2023 14:13,button,CRISPR-Cas检测系统在食品供应链中安全防控的应用研究进展,S_50
1/1/2023 10:20,button,"""检索""",S_41
1/1/2023 11:16,button,"""PDF下载""",S_43
1/1/2023 13:16,button,CRISPR-Cas检测系统在食品供应链中安全防控的应用研究进展,S_18
1/1/2023 10:58,button,基于CRISPR/Cas12a系统联合重组酶聚合酶扩增的鸭星状病毒2型核酸检测试纸条的制备,S_27
1/1/2023 8:27,button,基于RPA-LFD可视化快速检测肺炎克雷伯菌方法的建立及评价,S_12
1/1/2023 14:54,button,热带水产品中溶藻弧菌重组酶聚合酶等温扩增快速检测方法的建立,S_12
1/1/2023 8:27,button,"""搜索""",S_13
1/1/2023 13:47,button,"""PDF下载""",S_15
1/1/2023 11:54,button,CRISPR-Cas检测系统在食品供应链中安全防控的应用研究进展,S_45
1/1/2023 16:00,button,CRISPR-Cas检测系统在食品供应链中安全防控的应用研究进展,S_14
1/1/2023 12:42,filed,基于CRISPR/Cas12a系统联合重组酶聚合酶扩增的鸭星状病毒2型核酸检测试纸条的制备,S_48
1/1/2023 13:39,filed,CRISPR-Cas检测系统在食品供应链中安全防控的应用研究进展,S_12
1/1/2023 11:40,button,基于CRISPR/Cas12a系统联合重组酶聚合酶扩增的鸭星状病毒2型核酸检测试纸条的制备,S_50
1/1/2023 12:19,button,热带水产品中溶藻弧菌重组酶聚合酶等温扩增快速检测方法的建立,S_22
1/1/2023 16:38,button,"""PDF下载""",S_46
1/1/2023 14:11,filed," ""基因编辑水稻RPA-CRISPR/Cas12b快速检测方法的建立""",S_16
1/1/2023 16:51,button,"""搜索""",S_2
1/1/2023 10:21,filed,"""搜索""",S_12
1/1/2023 17:33,button,CRISPR-Cas检测系统在食品供应链中安全防控的应用研究进展,S_30
1/1/2023 8:30,button,基于CRISPR/Cas12a系统联合重组酶聚合酶扩增的鸭星状病毒2型核酸检测试纸条的制备,S_19
1/1/2023 15:26,button," ""基因编辑水稻RPA-CRISPR/Cas12b快速检测方法的建立""",S_19
1/1/2023 8:46,button,"""搜索""",S_31
1/1/2023 11:51,button,"""PDF下载""",S_48
1/1/2023 17:19,filed,CRISPR-Cas检测系统在食品供应链中安全防控的应用研究进展,S_10
1/1/2023 13:21,button," ""RPA+AI在企业财务领域应用研究及实践""",S_16
1/1/2023 9:32,filed," ""RPA+AI在企业财务领域应用研究及实践""",S_50
1/1/2023 17:07,button,基于RPA-LFD可视化快速检测肺炎克雷伯菌方法的建立及评价,S_41
1/1/2023 13:35,filed,热带水产品中溶藻弧菌重组酶聚合酶等温扩增快速检测方法的建立,S_2
1/1/2023 9:46,filed,"""检索""",S_43
1/1/2023 15:41,filed," ""基因编辑水稻RPA-CRISPR/Cas12b快速检测方法的建立""",S_12
1/1/2023 12:51,button,"""PDF下载""",S_14
1/1/2023 17:01,filed,基于CRISPR/Cas12a系统联合重组酶聚合酶扩增的鸭星状病毒2型核酸检测试纸条的制备,S_38
1/1/2023 15:33,filed," ""RPA+AI在企业财务领域应用研究及实践""",S_16
1/1/2023 16:32,filed,"""PDF下载""",S_41
1/1/2023 16:15,filed,基于RPA-LFD可视化快速检测肺炎克雷伯菌方法的建立及评价,S_16
1/1/2023 16:58,button,"""搜索""",S_49
1/1/2023 14:16,filed,"""检索""",S_20
1/1/2023 15:52,button,热带水产品中溶藻弧菌重组酶聚合酶等温扩增快速检测方法的建立,S_11
1/1/2023 11:05,button," ""基因编辑水稻RPA-CRISPR/Cas12b快速检测方法的建立""",S_8
1/1/2023 16:50,button," ""RPA+AI在企业财务领域应用研究及实践""",S_16
1/1/2023 21:12,filed,"""检索""",S_45
1/1/2023 11:44,filed," ""基因编辑水稻RPA-CRISPR/Cas12b快速检测方法的建立""",S_32
1/1/2023 20:15,button,"""PDF下载""",S_38
1/1/2023 12:33,filed,"""检索""",S_18
1/1/2023 11:45,button,热带水产品中溶藻弧菌重组酶聚合酶等温扩增快速检测方法的建立,S_48
1/1/2023 11:32,filed," ""基因编辑水稻RPA-CRISPR/Cas12b快速检测方法的建立""",S_3
1/1/2023 10:01,filed,"""PDF下载""",S_19
1/1/2023 8:44,button,基于CRISPR/Cas12a系统联合重组酶聚合酶扩增的鸭星状病毒2型核酸检测试纸条的制备,S_39
1/1/2023 18:23,button," ""基因编辑水稻RPA-CRISPR/Cas12b快速检测方法的建立""",S_35
1/1/2023 13:14,button,基于RPA-LFD可视化快速检测肺炎克雷伯菌方法的建立及评价,S_33
1/1/2023 10:21,filed,"""搜索""",S_28
1/1/2023 8:28,filed,"""PDF下载""",S_28
1/1/2023 12:25,button,基于RPA-LFD可视化快速检测肺炎克雷伯菌方法的建立及评价,S_47
1/1/2023 9:45,filed," ""基因编辑水稻RPA-CRISPR/Cas12b快速检测方法的建立""",S_35
1/1/2023 14:33,filed," ""RPA+AI在企业财务领域应用研究及实践""",S_29
1/1/2023 12:48,filed,热带水产品中溶藻弧菌重组酶聚合酶等温扩增快速检测方法的建立,S_21
1/1/2023 23:15,button,"""PDF下载""",S_9
1/1/2023 19:06,filed," ""RPA+AI在企业财务领域应用研究及实践""",S_30
1/1/2023 18:12,filed,热带水产品中溶藻弧菌重组酶聚合酶等温扩增快速检测方法的建立,S_49
1/1/2023 10:30,button,"""PDF下载""",S_37
1/1/2023 18:20,button,"""检索""",S_1
1/1/2023 10:18,filed," ""基因编辑水稻RPA-CRISPR/Cas12b快速检测方法的建立""",S_31
1/1/2023 22:35,filed,基于CRISPR/Cas12a系统联合重组酶聚合酶扩增的鸭星状病毒2型核酸检测试纸条的制备,S_41
1/1/2023 19:48,filed," ""基因编辑水稻RPA-CRISPR/Cas12b快速检测方法的建立""",S_48
1/1/2023 14:05,button,基于CRISPR/Cas12a系统联合重组酶聚合酶扩增的鸭星状病毒2型核酸检测试纸条的制备,S_9
1/1/2023 9:59,filed,CRISPR-Cas检测系统在食品供应链中安全防控的应用研究进展,S_13
1/1/2023 21:45,button,"""PDF下载""",S_50
1/1/2023 18:25,button,基于RPA-LFD可视化快速检测肺炎克雷伯菌方法的建立及评价,S_49
1/1/2023 19:56,filed,"""PDF下载""",S_31
1/1/2023 17:32,button,"""检索""",S_23
1/1/2023 15:54,filed," ""RPA+AI在企业财务领域应用研究及实践""",S_27
1/2/2023 0:51,filed,CRISPR-Cas检测系统在食品供应链中安全防控的应用研究进展,S_28
1/1/2023 16:10,button,"""PDF下载""",S_41
1/1/2023 20:16,button," ""RPA+AI在企业财务领域应用研究及实践""",S_3
1/1/2023 10:03,button,"""检索""",S_1
1/1/2023 22:20,filed,"""PDF下载""",S_21
1/1/2023 19:07,filed,"""搜索""",S_7
1/1/2023 23:26,button,"""搜索""",S_15
1/2/2023 3:12,filed,基于RPA-LFD可视化快速检测肺炎克雷伯菌方法的建立及评价,S_35
1/1/2023 22:18,button,基于RPA-LFD可视化快速检测肺炎克雷伯菌方法的建立及评价,S_34
1/1/2023 8:36,button," ""基因编辑水稻RPA-CRISPR/Cas12b快速检测方法的建立""",S_16
1/1/2023 14:29,filed,基于RPA-LFD可视化快速检测肺炎克雷伯菌方法的建立及评价,S_15
1/1/2023 11:35,filed,CRISPR-Cas检测系统在食品供应链中安全防控的应用研究进展,S_38
1/2/2023 2:35,button,基于CRISPR/Cas12a系统联合重组酶聚合酶扩增的鸭星状病毒2型核酸检测试纸条的制备,S_46
1/1/2023 16:05,button,CRISPR-Cas检测系统在食品供应链中安全防控的应用研究进展,S_6
1/1/2023 11:15,filed,基于CRISPR/Cas12a系统联合重组酶聚合酶扩增的鸭星状病毒2型核酸检测试纸条的制备,S_7
1/1/2023 13:15,filed,"""PDF下载""",S_29
1/2/2023 1:40,button,"""搜索""",S_9
1/1/2023 14:26,button," ""基因编辑水稻RPA-CRISPR/Cas12b快速检测方法的建立""",S_10
1/1/2023 18:32,button,"""检索""",S_22
1/2/2023 4:58,filed,热带水产品中溶藻弧菌重组酶聚合酶等温扩增快速检测方法的建立,S_19
1/1/2023 8:50,filed," ""基因编辑水稻RPA-CRISPR/Cas12b快速检测方法的建立""",S_17
1/1/2023 18:38,button,基于CRISPR/Cas12a系统联合重组酶聚合酶扩增的鸭星状病毒2型核酸检测试纸条的制备,S_27
1/2/2023 4:23,button,"""PDF下载""",S_27
1/1/2023 9:18,filed,CRISPR-Cas检测系统在食品供应链中安全防控的应用研究进展,S_37
1/2/2023 2:29,button,基于CRISPR/Cas12a系统联合重组酶聚合酶扩增的鸭星状病毒2型核酸检测试纸条的制备,S_16
1/1/2023 22:07,filed,CRISPR-Cas检测系统在食品供应链中安全防控的应用研究进展,S_45
1/1/2023 10:46,button,CRISPR-Cas检测系统在食品供应链中安全防控的应用研究进展,S_13
1/1/2023 21:50,button,热带水产品中溶藻弧菌重组酶聚合酶等温扩增快速检测方法的建立,S_49
1/2/2023 4:41,filed,CRISPR-Cas检测系统在食品供应链中安全防控的应用研究进展,S_21
1/1/2023 18:27,button,热带水产品中溶藻弧菌重组酶聚合酶等温扩增快速检测方法的建立,S_21
1/2/2023 0:22,filed," ""基因编辑水稻RPA-CRISPR/Cas12b快速检测方法的建立""",S_10
1/1/2023 21:38,filed,"""搜索""",S_21
1/1/2023 8:33,button," ""RPA+AI在企业财务领域应用研究及实践""",S_7
1/1/2023 10:48,filed,基于CRISPR/Cas12a系统联合重组酶聚合酶扩增的鸭星状病毒2型核酸检测试纸条的制备,S_15
1/2/2023 3:03,filed,"""检索""",S_29
1/2/2023 8:20,filed," ""RPA+AI在企业财务领域应用研究及实践""",S_13
1/1/2023 10:19,filed,热带水产品中溶藻弧菌重组酶聚合酶等温扩增快速检测方法的建立,S_39
1/2/2023 4:45,button," ""基因编辑水稻RPA-CRISPR/Cas12b快速检测方法的建立""",S_3
1/1/2023 15:44,button,"""检索""",S_5
1/1/2023 23:25,button,基于RPA-LFD可视化快速检测肺炎克雷伯菌方法的建立及评价,S_42
1/1/2023 23:16,filed," ""RPA+AI在企业财务领域应用研究及实践""",S_23
1/1/2023 13:47,filed,基于RPA-LFD可视化快速检测肺炎克雷伯菌方法的建立及评价,S_19
1/2/2023 8:21,button,热带水产品中溶藻弧菌重组酶聚合酶等温扩增快速检测方法的建立,S_27
1/1/2023 13:13,filed,"""检索""",S_33
1/2/2023 9:50,filed,"""PDF下载""",S_15
1/1/2023 14:53,filed,热带水产品中溶藻弧菌重组酶聚合酶等温扩增快速检测方法的建立,S_24
1/1/2023 16:27,filed,CRISPR-Cas检测系统在食品供应链中安全防控的应用研究进展,S_28
1/1/2023 19:14,button,热带水产品中溶藻弧菌重组酶聚合酶等温扩增快速检测方法的建立,S_46
1/2/2023 6:42,button,"""检索""",S_31
1/1/2023 13:38,button," ""RPA+AI在企业财务领域应用研究及实践""",S_45
1/1/2023 8:29,button,基于RPA-LFD可视化快速检测肺炎克雷伯菌方法的建立及评价,S_34
1/2/2023 10:57,button,"""检索""",S_7
1/2/2023 5:38,filed,CRISPR-Cas检测系统在食品供应链中安全防控的应用研究进展,S_25
1/1/2023 17:47,filed,"""检索""",S_44
1/1/2023 13:16,filed," ""RPA+AI在企业财务领域应用研究及实践""",S_6
1/2/2023 7:17,filed,"""PDF下载""",S_44
1/1/2023 22:03,filed,热带水产品中溶藻弧菌重组酶聚合酶等温扩增快速检测方法的建立,S_17
1/2/2023 9:06,filed,基于RPA-LFD可视化快速检测肺炎克雷伯菌方法的建立及评价,S_24
1/1/2023 13:32,button,基于RPA-LFD可视化快速检测肺炎克雷伯菌方法的建立及评价,S_41
1/2/2023 6:25,button," ""基因编辑水稻RPA-CRISPR/Cas12b快速检测方法的建立""",S_22
1/2/2023 5:19,filed,基于RPA-LFD可视化快速检测肺炎克雷伯菌方法的建立及评价,S_37
1/1/2023 10:20,button,"""搜索""",S_50
1/2/2023 12:47,filed,基于CRISPR/Cas12a系统联合重组酶聚合酶扩增的鸭星状病毒2型核酸检测试纸条的制备,S_47
1/1/2023 10:54,button,"""检索""",S_14
1/1/2023 20:23,filed,基于RPA-LFD可视化快速检测肺炎克雷伯菌方法的建立及评价,S_13
1/2/2023 5:13,filed,基于CRISPR/Cas12a系统联合重组酶聚合酶扩增的鸭星状病毒2型核酸检测试纸条的制备,S_11
1/2/2023 9:36,button,"""PDF下载""",S_47
1/2/2023 10:18,filed,基于CRISPR/Cas12a系统联合重组酶聚合酶扩增的鸭星状病毒2型核酸检测试纸条的制备,S_43
1/1/2023 15:39,filed," ""RPA+AI在企业财务领域应用研究及实践""",S_24
1/1/2023 16:48,button,"""检索""",S_31
1/2/2023 3:21,button,"""检索""",S_2
1/2/2023 6:14,button,"""PDF下载""",S_44
1/1/2023 13:50,button,"""PDF下载""",S_37
1/2/2023 10:04,filed,"""检索""",S_12
1/2/2023 3:19,filed,基于CRISPR/Cas12a系统联合重组酶聚合酶扩增的鸭星状病毒2型核酸检测试纸条的制备,S_29
1/1/2023 14:12,button,热带水产品中溶藻弧菌重组酶聚合酶等温扩增快速检测方法的建立,S_39
1/2/2023 7:28,filed,"""PDF下载""",S_21
1/2/2023 10:47,button,"""搜索""",S_19
1/1/2023 14:49,filed,"""检索""",S_50
1/2/2023 5:41,filed,CRISPR-Cas检测系统在食品供应链中安全防控的应用研究进展,S_24
1/1/2023 21:09,button,"""检索""",S_32
1/2/2023 0:35,button," ""RPA+AI在企业财务领域应用研究及实践""",S_28
1/1/2023 21:59,filed,基于CRISPR/Cas12a系统联合重组酶聚合酶扩增的鸭星状病毒2型核酸检测试纸条的制备,S_7
1/1/2023 16:34,filed,热带水产品中溶藻弧菌重组酶聚合酶等温扩增快速检测方法的建立,S_22
1/1/2023 8:35,filed,热带水产品中溶藻弧菌重组酶聚合酶等温扩增快速检测方法的建立,S_25
1/1/2023 20:08,button," ""基因编辑水稻RPA-CRISPR/Cas12b快速检测方法的建立""",S_31
1/1/2023 23:06,button,"""检索""",S_19
1/2/2023 15:27,filed," ""RPA+AI在企业财务领域应用研究及实践""",S_17
1/2/2023 9:48,button,基于RPA-LFD可视化快速检测肺炎克雷伯菌方法的建立及评价,S_36
1/2/2023 16:10,filed,CRISPR-Cas检测系统在食品供应链中安全防控的应用研究进展,S_25
1/2/2023 16:16,button,热带水产品中溶藻弧菌重组酶聚合酶等温扩增快速检测方法的建立,S_6
1/2/2023 16:42,button,"""搜索""",S_4
1/1/2023 16:10,button,CRISPR-Cas检测系统在食品供应链中安全防控的应用研究进展,S_13
1/1/2023 14:17,button,热带水产品中溶藻弧菌重组酶聚合酶等温扩增快速检测方法的建立,S_18
1/1/2023 13:45,button,"""PDF下载""",S_50
1/2/2023 16:33,button,CRISPR-Cas检测系统在食品供应链中安全防控的应用研究进展,S_22
1/1/2023 17:43,button,"""PDF下载""",S_28
1/2/2023 11:54,filed,"""检索""",S_21
1/2/2023 3:02,filed,CRISPR-Cas检测系统在食品供应链中安全防控的应用研究进展,S_3
1/2/2023 6:55,button," ""RPA+AI在企业财务领域应用研究及实践""",S_30
1/1/2023 23:17,button,基于CRISPR/Cas12a系统联合重组酶聚合酶扩增的鸭星状病毒2型核酸检测试纸条的制备,S_41
1/2/2023 0:50,button,基于CRISPR/Cas12a系统联合重组酶聚合酶扩增的鸭星状病毒2型核酸检测试纸条的制备,S_47
1/1/2023 9:50,button," ""RPA+AI在企业财务领域应用研究及实践""",S_49
1/2/2023 10:45,button,基于RPA-LFD可视化快速检测肺炎克雷伯菌方法的建立及评价,S_3
1/1/2023 17:47,filed," ""基因编辑水稻RPA-CRISPR/Cas12b快速检测方法的建立""",S_14
1/1/2023 13:34,filed,基于RPA-LFD可视化快速检测肺炎克雷伯菌方法的建立及评价,S_50
1/2/2023 3:02,filed,基于RPA-LFD可视化快速检测肺炎克雷伯菌方法的建立及评价,S_34
1/2/2023 9:07,button," ""RPA+AI在企业财务领域应用研究及实践""",S_9
1/1/2023 20:17,filed,"""搜索""",S_36
1/2/2023 14:48,button,"""检索""",S_40
1/1/2023 12:10,filed,CRISPR-Cas检测系统在食品供应链中安全防控的应用研究进展,S_3
1/1/2023 19:39,button,基于RPA-LFD可视化快速检测肺炎克雷伯菌方法的建立及评价,S_35
1/1/2023 21:00,filed,基于CRISPR/Cas12a系统联合重组酶聚合酶扩增的鸭星状病毒2型核酸检测试纸条的制备,S_38
1/2/2023 16:17,button,热带水产品中溶藻弧菌重组酶聚合酶等温扩增快速检测方法的建立,S_9
1/2/2023 12:26,button,基于RPA-LFD可视化快速检测肺炎克雷伯菌方法的建立及评价,S_12
1/2/2023 11:07,button,"""检索""",S_3
1/2/2023 19:18,button," ""RPA+AI在企业财务领域应用研究及实践""",S_7
1/1/2023 15:36,button,基于CRISPR/Cas12a系统联合重组酶聚合酶扩增的鸭星状病毒2型核酸检测试纸条的制备,S_11
1/2/2023 18:13,button," ""RPA+AI在企业财务领域应用研究及实践""",S_38
1/1/2023 14:31,button,"""检索""",S_28
1/1/2023 16:16,filed,"""检索""",S_34
1/2/2023 0:49,filed,基于CRISPR/Cas12a系统联合重组酶聚合酶扩增的鸭星状病毒2型核酸检测试纸条的制备,S_14
1/2/2023 2:07,button,CRISPR-Cas检测系统在食品供应链中安全防控的应用研究进展,S_44
1/1/2023 17:37,button,"""PDF下载""",S_16
1/2/2023 18:04,filed,基于CRISPR/Cas12a系统联合重组酶聚合酶扩增的鸭星状病毒2型核酸检测试纸条的制备,S_29
1/2/2023 22:05,button," ""RPA+AI在企业财务领域应用研究及实践""",S_49
1/2/2023 2:37,filed,基于RPA-LFD可视化快速检测肺炎克雷伯菌方法的建立及评价,S_21
1/2/2023 18:10,filed," ""RPA+AI在企业财务领域应用研究及实践""",S_35
1/1/2023 12:54,button,"""搜索""",S_19
1/2/2023 5:48,button,基于RPA-LFD可视化快速检测肺炎克雷伯菌方法的建立及评价,S_22
1/1/2023 22:03,button,CRISPR-Cas检测系统在食品供应链中安全防控的应用研究进展,S_33
1/1/2023 16:36,button,"""搜索""",S_5
1/1/2023 18:52,button,"""搜索""",S_18
1/2/2023 2:18,filed,"""搜索""",S_34
1/1/2023 10:10,filed,"""检索""",S_40
1/2/2023 11:03,button,CRISPR-Cas检测系统在食品供应链中安全防控的应用研究进展,S_8
1/1/2023 15:04,filed," ""RPA+AI在企业财务领域应用研究及实践""",S_23
1/2/2023 4:35,filed,热带水产品中溶藻弧菌重组酶聚合酶等温扩增快速检测方法的建立,S_32
1/1/2023 8:41,button,热带水产品中溶藻弧菌重组酶聚合酶等温扩增快速检测方法的建立,S_4
1/2/2023 14:50,button,基于RPA-LFD可视化快速检测肺炎克雷伯菌方法的建立及评价,S_24
1/1/2023 22:55,filed,CRISPR-Cas检测系统在食品供应链中安全防控的应用研究进展,S_44
1/2/2023 23:49,button,热带水产品中溶藻弧菌重组酶聚合酶等温扩增快速检测方法的建立,S_16
1/1/2023 15:01,filed,"""检索""",S_2
1/3/2023 1:20,button,基于CRISPR/Cas12a系统联合重组酶聚合酶扩增的鸭星状病毒2型核酸检测试纸条的制备,S_24
1/2/2023 19:42,button,基于CRISPR/Cas12a系统联合重组酶聚合酶扩增的鸭星状病毒2型核酸检测试纸条的制备,S_12
1/2/2023 12:35,button,"""搜索""",S_23
1/2/2023 23:07,button,基于RPA-LFD可视化快速检测肺炎克雷伯菌方法的建立及评价,S_24
1/2/2023 18:24,button,"""PDF下载""",S_5
1/1/2023 9:34,button," ""基因编辑水稻RPA-CRISPR/Cas12b快速检测方法的建立""",S_29
1/2/2023 0:02,filed," ""基因编辑水稻RPA-CRISPR/Cas12b快速检测方法的建立""",S_16
1/2/2023 8:21,filed," ""基因编辑水稻RPA-CRISPR/Cas12b快速检测方法的建立""",S_9
1/1/2023 10:45,button,"""PDF下载""",S_26
1/2/2023 19:43,button," ""基因编辑水稻RPA-CRISPR/Cas12b快速检测方法的建立""",S_43
1/2/2023 14:26,button,"""搜索""",S_25
1/3/2023 0:55,button,"""PDF下载""",S_30
1/1/2023 14:07,button,"""PDF下载""",S_27
1/2/2023 17:00,filed,基于RPA-LFD可视化快速检测肺炎克雷伯菌方法的建立及评价,S_29
1/1/2023 15:04,button," ""基因编辑水稻RPA-CRISPR/Cas12b快速检测方法的建立""",S_50
1/2/2023 22:19,button,基于CRISPR/Cas12a系统联合重组酶聚合酶扩增的鸭星状病毒2型核酸检测试纸条的制备,S_42
1/1/2023 22:42,filed," ""RPA+AI在企业财务领域应用研究及实践""",S_29
1/1/2023 15:13,button,"""检索""",S_16
1/2/2023 3:02,button," ""基因编辑水稻RPA-CRISPR/Cas12b快速检测方法的建立""",S_7
1/1/2023 16:20,filed,CRISPR-Cas检测系统在食品供应链中安全防控的应用研究进展,S_5
1/1/2023 20:51,button,热带水产品中溶藻弧菌重组酶聚合酶等温扩增快速检测方法的建立,S_22
1/2/2023 14:37,button," ""基因编辑水稻RPA-CRISPR/Cas12b快速检测方法的建立""",S_29
1/2/2023 4:14,button,CRISPR-Cas检测系统在食品供应链中安全防控的应用研究进展,S_19
1/2/2023 0:41,filed,基于CRISPR/Cas12a系统联合重组酶聚合酶扩增的鸭星状病毒2型核酸检测试纸条的制备,S_14
1/2/2023 12:25,filed,"""检索""",S_27
1/1/2023 13:53,filed,基于CRISPR/Cas12a系统联合重组酶聚合酶扩增的鸭星状病毒2型核酸检测试纸条的制备,S_43
1/3/2023 5:06,filed,"""搜索""",S_21
1/2/2023 14:03,filed,基于CRISPR/Cas12a系统联合重组酶聚合酶扩增的鸭星状病毒2型核酸检测试纸条的制备,S_50
1/2/2023 0:03,filed,CRISPR-Cas检测系统在食品供应链中安全防控的应用研究进展,S_45
1/3/2023 3:04,filed,基于RPA-LFD可视化快速检测肺炎克雷伯菌方法的建立及评价,S_2
1/1/2023 17:56,filed,基于RPA-LFD可视化快速检测肺炎克雷伯菌方法的建立及评价,S_35
1/3/2023 0:55,button,CRISPR-Cas检测系统在食品供应链中安全防控的应用研究进展,S_9
1/1/2023 21:49,filed,基于RPA-LFD可视化快速检测肺炎克雷伯菌方法的建立及评价,S_29
1/3/2023 4:33,filed,"""检索""",S_40
1/2/2023 4:48,filed,"""检索""",S_2
1/1/2023 10:58,filed,CRISPR-Cas检测系统在食品供应链中安全防控的应用研究进展,S_46
1/1/2023 11:42,button,"""检索""",S_29
1/2/2023 10:25,filed," ""基因编辑水稻RPA-CRISPR/Cas12b快速检测方法的建立""",S_2
1/1/2023 23:53,filed," ""基因编辑水稻RPA-CRISPR/Cas12b快速检测方法的建立""",S_46
1/2/2023 12:48,button,"""搜索""",S_4
1/3/2023 6:57,filed," ""RPA+AI在企业财务领域应用研究及实践""",S_9
1/2/2023 11:27,button,"""搜索""",S_15
1/2/2023 12:41,filed,"""检索""",S_42
1/3/2023 2:54,filed," ""RPA+AI在企业财务领域应用研究及实践""",S_26
1/2/2023 9:09,filed," ""基因编辑水稻RPA-CRISPR/Cas12b快速检测方法的建立""",S_40
1/1/2023 18:17,filed,热带水产品中溶藻弧菌重组酶聚合酶等温扩增快速检测方法的建立,S_11
1/2/2023 6:35,filed," ""基因编辑水稻RPA-CRISPR/Cas12b快速检测方法的建立""",S_37
1/2/2023 0:03,button,CRISPR-Cas检测系统在食品供应链中安全防控的应用研究进展,S_32
1/2/2023 10:10,filed,CRISPR-Cas检测系统在食品供应链中安全防控的应用研究进展,S_16
1/1/2023 16:55,filed," ""基因编辑水稻RPA-CRISPR/Cas12b快速检测方法的建立""",S_42
1/2/2023 19:53,button,CRISPR-Cas检测系统在食品供应链中安全防控的应用研究进展,S_47
1/3/2023 6:30,button,基于RPA-LFD可视化快速检测肺炎克雷伯菌方法的建立及评价,S_27
1/1/2023 15:44,filed,热带水产品中溶藻弧菌重组酶聚合酶等温扩增快速检测方法的建立,S_5
1/2/2023 5:54,button,基于RPA-LFD可视化快速检测肺炎克雷伯菌方法的建立及评价,S_48
1/1/2023 11:25,button,热带水产品中溶藻弧菌重组酶聚合酶等温扩增快速检测方法的建立,S_4
1/2/2023 8:12,filed,热带水产品中溶藻弧菌重组酶聚合酶等温扩增快速检测方法的建立,S_22
1/1/2023 9:38,button,热带水产品中溶藻弧菌重组酶聚合酶等温扩增快速检测方法的建立,S_10
1/2/2023 20:42,filed,热带水产品中溶藻弧菌重组酶聚合酶等温扩增快速检测方法的建立,S_14
1/3/2023 0:18,button,热带水产品中溶藻弧菌重组酶聚合酶等温扩增快速检测方法的建立,S_27
1/3/2023 6:20,filed,基于RPA-LFD可视化快速检测肺炎克雷伯菌方法的建立及评价,S_41
1/2/2023 6:19,button,"""PDF下载""",S_38
1/1/2023 13:46,button,热带水产品中溶藻弧菌重组酶聚合酶等温扩增快速检测方法的建立,S_31
1/3/2023 6:10,button," ""RPA+AI在企业财务领域应用研究及实践""",S_4
1/2/2023 6:58,filed,"""PDF下载""",S_47
1/2/2023 13:46,filed,基于CRISPR/Cas12a系统联合重组酶聚合酶扩增的鸭星状病毒2型核酸检测试纸条的制备,S_50
1/3/2023 9:42,filed,"""PDF下载""",S_15
1/3/2023 7:22,button," ""基因编辑水稻RPA-CRISPR/Cas12b快速检测方法的建立""",S_40
1/2/2023 22:09,filed,基于CRISPR/Cas12a系统联合重组酶聚合酶扩增的鸭星状病毒2型核酸检测试纸条的制备,S_18
1/2/2023 22:54,filed,基于RPA-LFD可视化快速检测肺炎克雷伯菌方法的建立及评价,S_16
1/1/2023 23:25,filed,"""检索""",S_38
1/3/2023 3:17,button,热带水产品中溶藻弧菌重组酶聚合酶等温扩增快速检测方法的建立,S_25
1/2/2023 4:56,filed," ""RPA+AI在企业财务领域应用研究及实践""",S_20
1/3/2023 0:55,button," ""基因编辑水稻RPA-CRISPR/Cas12b快速检测方法的建立""",S_20
1/2/2023 20:03,filed,"""检索""",S_3
1/1/2023 19:06,filed,CRISPR-Cas检测系统在食品供应链中安全防控的应用研究进展,S_31
1/3/2023 12:10,filed,CRISPR-Cas检测系统在食品供应链中安全防控的应用研究进展,S_17
1/2/2023 13:09,button,基于CRISPR/Cas12a系统联合重组酶聚合酶扩增的鸭星状病毒2型核酸检测试纸条的制备,S_5
1/2/2023 18:50,filed,"""检索""",S_29
1/2/2023 4:33,button,"""检索""",S_8
1/2/2023 3:53,button," ""基因编辑水稻RPA-CRISPR/Cas12b快速检测方法的建立""",S_8
1/1/2023 17:22,button,"""检索""",S_33
1/3/2023 15:22,filed," ""RPA+AI在企业财务领域应用研究及实践""",S_10
1/3/2023 6:51,button,热带水产品中溶藻弧菌重组酶聚合酶等温扩增快速检测方法的建立,S_39
1/3/2023 10:38,filed,"""PDF下载""",S_38
1/2/2023 12:43,filed,"""检索""",S_11
1/3/2023 0:57,button,热带水产品中溶藻弧菌重组酶聚合酶等温扩增快速检测方法的建立,S_38
1/1/2023 18:34,filed,热带水产品中溶藻弧菌重组酶聚合酶等温扩增快速检测方法的建立,S_19
1/2/2023 0:34,button,CRISPR-Cas检测系统在食品供应链中安全防控的应用研究进展,S_31
1/2/2023 7:56,filed,基于RPA-LFD可视化快速检测肺炎克雷伯菌方法的建立及评价,S_16
1/1/2023 9:20,button,基于RPA-LFD可视化快速检测肺炎克雷伯菌方法的建立及评价,S_18
1/1/2023 10:23,filed,CRISPR-Cas检测系统在食品供应链中安全防控的应用研究进展,S_3
1/1/2023 15:34,filed," ""基因编辑水稻RPA-CRISPR/Cas12b快速检测方法的建立""",S_16
1/2/2023 7:44,button," ""基因编辑水稻RPA-CRISPR/Cas12b快速检测方法的建立""",S_46
1/3/2023 7:36,button," ""RPA+AI在企业财务领域应用研究及实践""",S_17
1/2/2023 18:30,filed,基于CRISPR/Cas12a系统联合重组酶聚合酶扩增的鸭星状病毒2型核酸检测试纸条的制备,S_25
1/2/2023 8:37,button," ""RPA+AI在企业财务领域应用研究及实践""",S_24
1/2/2023 10:15,filed," ""RPA+AI在企业财务领域应用研究及实践""",S_33
1/3/2023 1:43,filed,"""检索""",S_21
1/1/2023 15:43,filed,基于CRISPR/Cas12a系统联合重组酶聚合酶扩增的鸭星状病毒2型核酸检测试纸条的制备,S_47
1/3/2023 14:42,filed,"""搜索""",S_15
1/2/2023 11:14,button,热带水产品中溶藻弧菌重组酶聚合酶等温扩增快速检测方法的建立,S_26
1/2/2023 21:28,button,"""检索""",S_5
1/2/2023 4:51,button,热带水产品中溶藻弧菌重组酶聚合酶等温扩增快速检测方法的建立,S_42
1/2/2023 6:00,button,"""PDF下载""",S_5
1/3/2023 9:43,filed,"""PDF下载""",S_1
1/1/2023 10:17,button," ""基因编辑水稻RPA-CRISPR/Cas12b快速检测方法的建立""",S_46
1/2/2023 15:42,button,基于RPA-LFD可视化快速检测肺炎克雷伯菌方法的建立及评价,S_3
1/1/2023 19:19,filed,热带水产品中溶藻弧菌重组酶聚合酶等温扩增快速检测方法的建立,S_10
1/2/2023 2:36,button,基于RPA-LFD可视化快速检测肺炎克雷伯菌方法的建立及评价,S_29
1/3/2023 5:58,filed,"""检索""",S_32
1/3/2023 12:58,button,"""搜索""",S_35
1/2/2023 19:41,button," ""基因编辑水稻RPA-CRISPR/Cas12b快速检测方法的建立""",S_3
1/3/2023 12:52,filed," ""RPA+AI在企业财务领域应用研究及实践""",S_27
1/2/2023 10:30,filed,CRISPR-Cas检测系统在食品供应链中安全防控的应用研究进展,S_36
1/2/2023 12:49,button,CRISPR-Cas检测系统在食品供应链中安全防控的应用研究进展,S_1
1/2/2023 19:58,filed,热带水产品中溶藻弧菌重组酶聚合酶等温扩增快速检测方法的建立,S_44
1/1/2023 12:12,filed,热带水产品中溶藻弧菌重组酶聚合酶等温扩增快速检测方法的建立,S_26
1/2/2023 14:24,button,基于RPA-LFD可视化快速检测肺炎克雷伯菌方法的建立及评价,S_37
1/3/2023 9:36,filed,CRISPR-Cas检测系统在食品供应链中安全防控的应用研究进展,S_18
1/2/2023 9:35,filed,基于RPA-LFD可视化快速检测肺炎克雷伯菌方法的建立及评价,S_17
1/3/2023 8:12,filed," ""基因编辑水稻RPA-CRISPR/Cas12b快速检测方法的建立""",S_14
1/3/2023 19:28,button,热带水产品中溶藻弧菌重组酶聚合酶等温扩增快速检测方法的建立,S_6
1/1/2023 18:45,button,基于CRISPR/Cas12a系统联合重组酶聚合酶扩增的鸭星状病毒2型核酸检测试纸条的制备,S_33
1/2/2023 20:26,button,热带水产品中溶藻弧菌重组酶聚合酶等温扩增快速检测方法的建立,S_37
1/1/2023 13:27,filed,基于RPA-LFD可视化快速检测肺炎克雷伯菌方法的建立及评价,S_21
1/2/2023 10:38,filed,"""搜索""",S_37
1/3/2023 7:30,button," ""基因编辑水稻RPA-CRISPR/Cas12b快速检测方法的建立""",S_25
1/3/2023 3:23,filed,基于CRISPR/Cas12a系统联合重组酶聚合酶扩增的鸭星状病毒2型核酸检测试纸条的制备,S_24
1/3/2023 9:45,button,"""检索""",S_2
1/1/2023 13:51,button," ""RPA+AI在企业财务领域应用研究及实践""",S_30
1/2/2023 18:33,button,基于RPA-LFD可视化快速检测肺炎克雷伯菌方法的建立及评价,S_30
1/2/2023 19:11,filed," ""RPA+AI在企业财务领域应用研究及实践""",S_32
1/3/2023 18:51,button," ""基因编辑水稻RPA-CRISPR/Cas12b快速检测方法的建立""",S_13
1/4/2023 0:30,filed," ""RPA+AI在企业财务领域应用研究及实践""",S_4
1/2/2023 17:37,button,"""搜索""",S_21
1/2/2023 15:46,button,热带水产品中溶藻弧菌重组酶聚合酶等温扩增快速检测方法的建立,S_48
1/2/2023 17:28,filed,"""搜索""",S_2
1/2/2023 22:13,filed," ""基因编辑水稻RPA-CRISPR/Cas12b快速检测方法的建立""",S_50
1/2/2023 19:23,filed,基于CRISPR/Cas12a系统联合重组酶聚合酶扩增的鸭星状病毒2型核酸检测试纸条的制备,S_28
1/1/2023 20:00,button,基于CRISPR/Cas12a系统联合重组酶聚合酶扩增的鸭星状病毒2型核酸检测试纸条的制备,S_32
1/2/2023 1:37,filed,基于RPA-LFD可视化快速检测肺炎克雷伯菌方法的建立及评价,S_32
1/3/2023 7:17,filed,CRISPR-Cas检测系统在食品供应链中安全防控的应用研究进展,S_50
1/2/2023 5:46,filed,基于RPA-LFD可视化快速检测肺炎克雷伯菌方法的建立及评价,S_20
1/1/2023 15:23,filed,"""检索""",S_17
1/1/2023 16:10,filed,基于CRISPR/Cas12a系统联合重组酶聚合酶扩增的鸭星状病毒2型核酸检测试纸条的制备,S_25
1/3/2023 16:11,filed," ""基因编辑水稻RPA-CRISPR/Cas12b快速检测方法的建立""",S_22
1/3/2023 18:33,filed,"""检索""",S_49
1/3/2023 0:19,filed,CRISPR-Cas检测系统在食品供应链中安全防控的应用研究进展,S_15
1/2/2023 5:06,filed,"""搜索""",S_4
1/3/2023 17:45,filed," ""基因编辑水稻RPA-CRISPR/Cas12b快速检测方法的建立""",S_11
1/2/2023 14:44,filed,热带水产品中溶藻弧菌重组酶聚合酶等温扩增快速检测方法的建立,S_1
1/3/2023 19:30,filed," ""基因编辑水稻RPA-CRISPR/Cas12b快速检测方法的建立""",S_7
1/1/2023 22:26,button,"""搜索""",S_38
1/1/2023 11:30,filed,基于CRISPR/Cas12a系统联合重组酶聚合酶扩增的鸭星状病毒2型核酸检测试纸条的制备,S_50
1/2/2023 9:23,filed,基于RPA-LFD可视化快速检测肺炎克雷伯菌方法的建立及评价,S_6
1/2/2023 13:52,button,"""搜索""",S_20
1/3/2023 18:46,filed,热带水产品中溶藻弧菌重组酶聚合酶等温扩增快速检测方法的建立,S_27
1/2/2023 14:49,filed,基于RPA-LFD可视化快速检测肺炎克雷伯菌方法的建立及评价,S_38
1/2/2023 4:56,button,"""搜索""",S_20
1/3/2023 18:37,filed,基于CRISPR/Cas12a系统联合重组酶聚合酶扩增的鸭星状病毒2型核酸检测试纸条的制备,S_38
1/3/2023 18:52,filed,热带水产品中溶藻弧菌重组酶聚合酶等温扩增快速检测方法的建立,S_36
1/3/2023 10:43,filed,"""PDF下载""",S_4
1/3/2023 1:56,filed," ""基因编辑水稻RPA-CRISPR/Cas12b快速检测方法的建立""",S_10
1/3/2023 23:21,filed,"""检索""",S_6
1/1/2023 11:35,filed,"""PDF下载""",S_13
1/4/2023 0:28,filed,CRISPR-Cas检测系统在食品供应链中安全防控的应用研究进展,S_13
1/3/2023 15:18,filed," ""基因编辑水稻RPA-CRISPR/Cas12b快速检测方法的建立""",S_16
1/3/2023 17:25,filed,热带水产品中溶藻弧菌重组酶聚合酶等温扩增快速检测方法的建立,S_31
1/3/2023 19:39,button,基于CRISPR/Cas12a系统联合重组酶聚合酶扩增的鸭星状病毒2型核酸检测试纸条的制备,S_20
1/3/2023 18:45,button,基于RPA-LFD可视化快速检测肺炎克雷伯菌方法的建立及评价,S_25
1/1/2023 21:18,filed,"""PDF下载""",S_24
1/3/2023 20:26,filed,"""检索""",S_24
1/4/2023 4:16,filed,基于RPA-LFD可视化快速检测肺炎克雷伯菌方法的建立及评价,S_20
1/3/2023 5:32,filed,CRISPR-Cas检测系统在食品供应链中安全防控的应用研究进展,S_7
1/3/2023 17:32,filed," ""基因编辑水稻RPA-CRISPR/Cas12b快速检测方法的建立""",S_40
1/3/2023 23:02,button," ""RPA+AI在企业财务领域应用研究及实践""",S_3
1/1/2023 10:59,filed,基于CRISPR/Cas12a系统联合重组酶聚合酶扩增的鸭星状病毒2型核酸检测试纸条的制备,S_29
1/1/2023 11:21,filed,"""PDF下载""",S_3
1/4/2023 1:02,button,"""搜索""",S_34
1/2/2023 16:21,filed,基于RPA-LFD可视化快速检测肺炎克雷伯菌方法的建立及评价,S_14
1/1/2023 14:16,button,CRISPR-Cas检测系统在食品供应链中安全防控的应用研究进展,S_48
1/3/2023 6:45,filed,"""检索""",S_40
1/4/2023 0:04,filed," ""基因编辑水稻RPA-CRISPR/Cas12b快速检测方法的建立""",S_34
1/2/2023 19:12,filed,基于RPA-LFD可视化快速检测肺炎克雷伯菌方法的建立及评价,S_26
1/3/2023 18:38,button," ""RPA+AI在企业财务领域应用研究及实践""",S_43
1/2/2023 3:30,filed," ""RPA+AI在企业财务领域应用研究及实践""",S_6
1/4/2023 5:10,button,基于RPA-LFD可视化快速检测肺炎克雷伯菌方法的建立及评价,S_36
1/2/2023 9:36,button,"""PDF下载""",S_35
1/4/2023 9:17,button,"""检索""",S_5
1/1/2023 15:52,filed,"""PDF下载""",S_44
1/2/2023 17:32,button,CRISPR-Cas检测系统在食品供应链中安全防控的应用研究进展,S_29
1/2/2023 12:03,button,基于CRISPR/Cas12a系统联合重组酶聚合酶扩增的鸭星状病毒2型核酸检测试纸条的制备,S_46
1/3/2023 20:49,filed,"""检索""",S_33
1/3/2023 19:43,button," ""基因编辑水稻RPA-CRISPR/Cas12b快速检测方法的建立""",S_34
1/2/2023 18:13,button," ""RPA+AI在企业财务领域应用研究及实践""",S_11
1/2/2023 13:18,button,基于RPA-LFD可视化快速检测肺炎克雷伯菌方法的建立及评价,S_28
1/1/2023 18:15,button,"""PDF下载""",S_21
1/3/2023 18:30,button,"""PDF下载""",S_38
1/3/2023 21:38,filed,"""搜索""",S_21
1/2/2023 21:07,filed," ""RPA+AI在企业财务领域应用研究及实践""",S_35
1/2/2023 23:43,filed,CRISPR-Cas检测系统在食品供应链中安全防控的应用研究进展,S_3
1/3/2023 14:43,filed,基于CRISPR/Cas12a系统联合重组酶聚合酶扩增的鸭星状病毒2型核酸检测试纸条的制备,S_40
1/4/2023 10:13,filed,CRISPR-Cas检测系统在食品供应链中安全防控的应用研究进展,S_43
1/1/2023 16:45,button," ""RPA+AI在企业财务领域应用研究及实践""",S_49
1/2/2023 11:59,filed,热带水产品中溶藻弧菌重组酶聚合酶等温扩增快速检测方法的建立,S_21
1/1/2023 22:01,button,"""PDF下载""",S_11
1/2/2023 1:22,filed,热带水产品中溶藻弧菌重组酶聚合酶等温扩增快速检测方法的建立,S_1
1/2/2023 12:02,button,"""搜索""",S_38
1/1/2023 11:20,button,"""PDF下载""",S_5
1/3/2023 17:37,filed," ""基因编辑水稻RPA-CRISPR/Cas12b快速检测方法的建立""",S_7
1/1/2023 21:32,filed," ""RPA+AI在企业财务领域应用研究及实践""",S_41
1/2/2023 10:28,filed,"""PDF下载""",S_41
1/2/2023 10:32,button," ""RPA+AI在企业财务领域应用研究及实践""",S_36
1/1/2023 17:20,filed,"""搜索""",S_27
1/2/2023 20:47,button,"""检索""",S_45
1/4/2023 1:47,filed,"""搜索""",S_27
1/4/2023 5:50,button,热带水产品中溶藻弧菌重组酶聚合酶等温扩增快速检测方法的建立,S_42
1/2/2023 22:43,button,基于CRISPR/Cas12a系统联合重组酶聚合酶扩增的鸭星状病毒2型核酸检测试纸条的制备,S_12
1/2/2023 17:10,button," ""RPA+AI在企业财务领域应用研究及实践""",S_11
1/2/2023 9:45,filed,"""搜索""",S_36
1/2/2023 11:23,filed,CRISPR-Cas检测系统在食品供应链中安全防控的应用研究进展,S_41
1/2/2023 0:21,filed," ""RPA+AI在企业财务领域应用研究及实践""",S_13
1/1/2023 9:35,button,基于RPA-LFD可视化快速检测肺炎克雷伯菌方法的建立及评价,S_49
1/4/2023 2:30,filed," ""基因编辑水稻RPA-CRISPR/Cas12b快速检测方法的建立""",S_43
1/1/2023 20:36,filed,"""PDF下载""",S_20
1/2/2023 22:51,button,基于RPA-LFD可视化快速检测肺炎克雷伯菌方法的建立及评价,S_11
1/2/2023 1:04,button," ""基因编辑水稻RPA-CRISPR/Cas12b快速检测方法的建立""",S_6
1/1/2023 22:25,filed,基于CRISPR/Cas12a系统联合重组酶聚合酶扩增的鸭星状病毒2型核酸检测试纸条的制备,S_5
1/2/2023 11:18,button,热带水产品中溶藻弧菌重组酶聚合酶等温扩增快速检测方法的建立,S_7
1/1/2023 21:41,filed,"""检索""",S_41
1/2/2023 9:00,button," ""基因编辑水稻RPA-CRISPR/Cas12b快速检测方法的建立""",S_5
1/4/2023 7:16,button,热带水产品中溶藻弧菌重组酶聚合酶等温扩增快速检测方法的建立,S_40
1/4/2023 1:04,button,基于CRISPR/Cas12a系统联合重组酶聚合酶扩增的鸭星状病毒2型核酸检测试纸条的制备,S_5
1/1/2023 15:34,filed," ""RPA+AI在企业财务领域应用研究及实践""",S_37
1/3/2023 20:43,filed,"""搜索""",S_15
1/1/2023 19:57,filed,"""搜索""",S_14
1/3/2023 9:16,button," ""RPA+AI在企业财务领域应用研究及实践""",S_21
1/2/2023 19:19,filed," ""基因编辑水稻RPA-CRISPR/Cas12b快速检测方法的建立""",S_2
1/4/2023 8:17,filed,基于RPA-LFD可视化快速检测肺炎克雷伯菌方法的建立及评价,S_13
1/3/2023 9:59,filed," ""RPA+AI在企业财务领域应用研究及实践""",S_7
1/2/2023 22:58,button," ""RPA+AI在企业财务领域应用研究及实践""",S_48
1/2/2023 0:05,filed,"""搜索""",S_46
1/3/2023 6:58,filed,基于CRISPR/Cas12a系统联合重组酶聚合酶扩增的鸭星状病毒2型核酸检测试纸条的制备,S_49
1/3/2023 21:26,button,热带水产品中溶藻弧菌重组酶聚合酶等温扩增快速检测方法的建立,S_24
1/4/2023 12:46,filed,基于RPA-LFD可视化快速检测肺炎克雷伯菌方法的建立及评价,S_49
1/4/2023 16:15,button,"""检索""",S_13
1/3/2023 16:15,button,"""检索""",S_35
1/2/2023 21:51,filed,热带水产品中溶藻弧菌重组酶聚合酶等温扩增快速检测方法的建立,S_49
1/3/2023 3:30,filed," ""RPA+AI在企业财务领域应用研究及实践""",S_45
1/2/2023 0:20,filed,CRISPR-Cas检测系统在食品供应链中安全防控的应用研究进展,S_35
1/1/2023 13:36,filed,CRISPR-Cas检测系统在食品供应链中安全防控的应用研究进展,S_14
1/1/2023 11:55,filed,CRISPR-Cas检测系统在食品供应链中安全防控的应用研究进展,S_24
1/4/2023 13:09,button," ""RPA+AI在企业财务领域应用研究及实践""",S_47
1/1/2023 13:04,filed," ""RPA+AI在企业财务领域应用研究及实践""",S_33
1/1/2023 23:31,button," ""RPA+AI在企业财务领域应用研究及实践""",S_5
1/4/2023 1:44,button,基于RPA-LFD可视化快速检测肺炎克雷伯菌方法的建立及评价,S_9
1/2/2023 9:47,filed,"""搜索""",S_43
1/1/2023 18:30,filed,基于CRISPR/Cas12a系统联合重组酶聚合酶扩增的鸭星状病毒2型核酸检测试纸条的制备,S_39
1/2/2023 12:43,filed," ""基因编辑水稻RPA-CRISPR/Cas12b快速检测方法的建立""",S_14
1/3/2023 5:18,button,"""PDF下载""",S_36
1/3/2023 19:23,button,"""PDF下载""",S_36
1/4/2023 2:39,button," ""RPA+AI在企业财务领域应用研究及实践""",S_38
1/4/2023 17:07,button," ""RPA+AI在企业财务领域应用研究及实践""",S_14
1/4/2023 15:50,button,基于RPA-LFD可视化快速检测肺炎克雷伯菌方法的建立及评价,S_32
1/2/2023 16:22,filed," ""基因编辑水稻RPA-CRISPR/Cas12b快速检测方法的建立""",S_20
1/2/2023 18:10,filed," ""基因编辑水稻RPA-CRISPR/Cas12b快速检测方法的建立""",S_40
1/2/2023 12:44,filed,CRISPR-Cas检测系统在食品供应链中安全防控的应用研究进展,S_24
1/3/2023 10:39,button,CRISPR-Cas检测系统在食品供应链中安全防控的应用研究进展,S_7
1/2/2023 3:51,filed,"""搜索""",S_11
1/2/2023 8:50,button,"""检索""",S_43
1/4/2023 4:59,filed,CRISPR-Cas检测系统在食品供应链中安全防控的应用研究进展,S_8
1/4/2023 9:38,button,"""搜索""",S_35
1/4/2023 15:37,button,基于RPA-LFD可视化快速检测肺炎克雷伯菌方法的建立及评价,S_24
1/4/2023 7:08,filed,热带水产品中溶藻弧菌重组酶聚合酶等温扩增快速检测方法的建立,S_28
1/2/2023 7:36,button,CRISPR-Cas检测系统在食品供应链中安全防控的应用研究进展,S_32
1/4/2023 7:07,button,基于RPA-LFD可视化快速检测肺炎克雷伯菌方法的建立及评价,S_15
1/3/2023 9:45,filed,热带水产品中溶藻弧菌重组酶聚合酶等温扩增快速检测方法的建立,S_39
1/1/2023 18:28,filed,CRISPR-Cas检测系统在食品供应链中安全防控的应用研究进展,S_49
1/1/2023 19:40,button,"""检索""",S_17
1/4/2023 7:39,filed,"""搜索""",S_12
1/4/2023 11:03,button,基于CRISPR/Cas12a系统联合重组酶聚合酶扩增的鸭星状病毒2型核酸检测试纸条的制备,S_33
1/4/2023 11:11,button," ""基因编辑水稻RPA-CRISPR/Cas12b快速检测方法的建立""",S_15
1/2/2023 1:07,filed,"""搜索""",S_31
1/3/2023 8:28,button,"""检索""",S_27
1/3/2023 14:41,button,基于CRISPR/Cas12a系统联合重组酶聚合酶扩增的鸭星状病毒2型核酸检测试纸条的制备,S_24
1/4/2023 5:55,filed," ""RPA+AI在企业财务领域应用研究及实践""",S_48
1/4/2023 2:36,button,"""PDF下载""",S_3
1/3/2023 14:06,filed," ""基因编辑水稻RPA-CRISPR/Cas12b快速检测方法的建立""",S_44
1/4/2023 17:45,button," ""RPA+AI在企业财务领域应用研究及实践""",S_48
1/4/2023 14:07,filed,"""检索""",S_38
1/4/2023 3:50,filed,基于CRISPR/Cas12a系统联合重组酶聚合酶扩增的鸭星状病毒2型核酸检测试纸条的制备,S_28
1/5/2023 2:22,button,热带水产品中溶藻弧菌重组酶聚合酶等温扩增快速检测方法的建立,S_38
1/1/2023 22:06,button," ""基因编辑水稻RPA-CRISPR/Cas12b快速检测方法的建立""",S_22
1/4/2023 8:37,filed,热带水产品中溶藻弧菌重组酶聚合酶等温扩增快速检测方法的建立,S_20
1/2/2023 10:20,button,热带水产品中溶藻弧菌重组酶聚合酶等温扩增快速检测方法的建立,S_4
1/4/2023 21:42,button,基于CRISPR/Cas12a系统联合重组酶聚合酶扩增的鸭星状病毒2型核酸检测试纸条的制备,S_8
1/1/2023 11:49,filed,"""搜索""",S_35
1/3/2023 8:21,filed,基于RPA-LFD可视化快速检测肺炎克雷伯菌方法的建立及评价,S_38
1/4/2023 17:16,button,"""搜索""",S_16
1/4/2023 15:25,filed," ""基因编辑水稻RPA-CRISPR/Cas12b快速检测方法的建立""",S_47
1/3/2023 18:56,filed," ""基因编辑水稻RPA-CRISPR/Cas12b快速检测方法的建立""",S_39
1/2/2023 14:31,button,基于CRISPR/Cas12a系统联合重组酶聚合酶扩增的鸭星状病毒2型核酸检测试纸条的制备,S_16
1/1/2023 18:30,button,基于CRISPR/Cas12a系统联合重组酶聚合酶扩增的鸭星状病毒2型核酸检测试纸条的制备,S_33
1/3/2023 5:38,filed,"""搜索""",S_5
1/2/2023 9:34,button," ""RPA+AI在企业财务领域应用研究及实践""",S_19
1/2/2023 11:47,filed,"""PDF下载""",S_13
1/3/2023 22:22,button,"""搜索""",S_25
1/3/2023 13:45,filed,"""搜索""",S_30
1/1/2023 10:01,button," ""基因编辑水稻RPA-CRISPR/Cas12b快速检测方法的建立""",S_22
1/3/2023 0:30,filed,"""搜索""",S_44
1/3/2023 21:24,button," ""RPA+AI在企业财务领域应用研究及实践""",S_32
1/2/2023 22:08,button,CRISPR-Cas检测系统在食品供应链中安全防控的应用研究进展,S_9
1/4/2023 15:04,button,"""搜索""",S_39
1/4/2023 7:49,filed,CRISPR-Cas检测系统在食品供应链中安全防控的应用研究进展,S_34
1/2/2023 15:04,button," ""基因编辑水稻RPA-CRISPR/Cas12b快速检测方法的建立""",S_34
1/3/2023 22:16,filed," ""RPA+AI在企业财务领域应用研究及实践""",S_21
1/1/2023 11:48,filed," ""基因编辑水稻RPA-CRISPR/Cas12b快速检测方法的建立""",S_3
1/2/2023 8:16,filed,基于CRISPR/Cas12a系统联合重组酶聚合酶扩增的鸭星状病毒2型核酸检测试纸条的制备,S_13
1/2/2023 18:28,filed,基于RPA-LFD可视化快速检测肺炎克雷伯菌方法的建立及评价,S_47
1/3/2023 15:52,filed," ""基因编辑水稻RPA-CRISPR/Cas12b快速检测方法的建立""",S_44
1/3/2023 8:18,filed,"""PDF下载""",S_6
1/5/2023 0:10,button,"""搜索""",S_36
1/5/2023 6:52,button,"""检索""",S_48
1/2/2023 15:44,filed," ""基因编辑水稻RPA-CRISPR/Cas12b快速检测方法的建立""",S_3
1/2/2023 0:03,filed,基于CRISPR/Cas12a系统联合重组酶聚合酶扩增的鸭星状病毒2型核酸检测试纸条的制备,S_36
1/1/2023 15:04,filed," ""RPA+AI在企业财务领域应用研究及实践""",S_10
1/2/2023 12:50,button,"""PDF下载""",S_41
1/3/2023 6:57,filed," ""RPA+AI在企业财务领域应用研究及实践""",S_10
1/1/2023 22:33,button,基于CRISPR/Cas12a系统联合重组酶聚合酶扩增的鸭星状病毒2型核酸检测试纸条的制备,S_29
1/3/2023 11:20,button,"""搜索""",S_6
1/4/2023 8:01,filed," ""RPA+AI在企业财务领域应用研究及实践""",S_9
1/1/2023 15:38,filed,"""搜索""",S_6
1/3/2023 18:36,filed,"""PDF下载""",S_47
1/3/2023 15:26,filed,基于CRISPR/Cas12a系统联合重组酶聚合酶扩增的鸭星状病毒2型核酸检测试纸条的制备,S_19
1/1/2023 16:39,button,基于RPA-LFD可视化快速检测肺炎克雷伯菌方法的建立及评价,S_6
1/3/2023 4:30,filed,基于CRISPR/Cas12a系统联合重组酶聚合酶扩增的鸭星状病毒2型核酸检测试纸条的制备,S_43
1/1/2023 11:36,filed,基于CRISPR/Cas12a系统联合重组酶聚合酶扩增的鸭星状病毒2型核酸检测试纸条的制备,S_19
1/3/2023 19:35,button,"""PDF下载""",S_22
1/4/2023 5:43,button,基于CRISPR/Cas12a系统联合重组酶聚合酶扩增的鸭星状病毒2型核酸检测试纸条的制备,S_16
1/4/2023 4:11,filed,"""PDF下载""",S_48
1/3/2023 17:15,button,"""PDF下载""",S_30
1/3/2023 0:49,filed,"""搜索""",S_18
1/2/2023 17:56,filed,热带水产品中溶藻弧菌重组酶聚合酶等温扩增快速检测方法的建立,S_9
1/2/2023 3:34,button,热带水产品中溶藻弧菌重组酶聚合酶等温扩增快速检测方法的建立,S_42
1/5/2023 6:31,filed,"""检索""",S_26
1/5/2023 9:20,button,热带水产品中溶藻弧菌重组酶聚合酶等温扩增快速检测方法的建立,S_40
1/3/2023 23:20,button,"""搜索""",S_28
1/3/2023 20:56,filed,CRISPR-Cas检测系统在食品供应链中安全防控的应用研究进展,S_1
1/4/2023 5:53,filed,基于CRISPR/Cas12a系统联合重组酶聚合酶扩增的鸭星状病毒2型核酸检测试纸条的制备,S_10
1/4/2023 23:26,filed,热带水产品中溶藻弧菌重组酶聚合酶等温扩增快速检测方法的建立,S_34
1/4/2023 11:09,button,"""搜索""",S_1
1/5/2023 10:38,button,基于CRISPR/Cas12a系统联合重组酶聚合酶扩增的鸭星状病毒2型核酸检测试纸条的制备,S_20
1/3/2023 22:37,button,热带水产品中溶藻弧菌重组酶聚合酶等温扩增快速检测方法的建立,S_36
1/5/2023 9:47,button,基于RPA-LFD可视化快速检测肺炎克雷伯菌方法的建立及评价,S_5
1/2/2023 21:19,filed,"""检索""",S_15
1/3/2023 21:14,filed,"""搜索""",S_26
1/3/2023 1:20,filed," ""基因编辑水稻RPA-CRISPR/Cas12b快速检测方法的建立""",S_12
1/5/2023 12:28,button,CRISPR-Cas检测系统在食品供应链中安全防控的应用研究进展,S_31
1/4/2023 17:36,button,热带水产品中溶藻弧菌重组酶聚合酶等温扩增快速检测方法的建立,S_45
1/3/2023 23:30,filed,"""检索""",S_32
1/3/2023 8:26,filed,"""PDF下载""",S_23
1/3/2023 9:53,filed,热带水产品中溶藻弧菌重组酶聚合酶等温扩增快速检测方法的建立,S_33
1/4/2023 1:42,filed,CRISPR-Cas检测系统在食品供应链中安全防控的应用研究进展,S_23
1/3/2023 18:26,filed," ""RPA+AI在企业财务领域应用研究及实践""",S_36
1/4/2023 9:38,button,"""检索""",S_26
1/3/2023 9:20,button," ""基因编辑水稻RPA-CRISPR/Cas12b快速检测方法的建立""",S_20
1/4/2023 5:34,filed,"""检索""",S_22
1/1/2023 17:08,filed," ""RPA+AI在企业财务领域应用研究及实践""",S_41
1/3/2023 14:04,button,热带水产品中溶藻弧菌重组酶聚合酶等温扩增快速检测方法的建立,S_14
1/2/2023 14:48,filed,"""检索""",S_45
1/2/2023 12:56,button,"""PDF下载""",S_27
1/2/2023 15:15,filed,"""PDF下载""",S_5
1/2/2023 22:15,filed,"""检索""",S_14
1/3/2023 12:15,filed,"""搜索""",S_18
1/5/2023 3:24,button," ""RPA+AI在企业财务领域应用研究及实践""",S_10
1/3/2023 21:30,button,热带水产品中溶藻弧菌重组酶聚合酶等温扩增快速检测方法的建立,S_41
1/1/2023 14:18,button,基于CRISPR/Cas12a系统联合重组酶聚合酶扩增的鸭星状病毒2型核酸检测试纸条的制备,S_31
1/2/2023 13:26,button," ""RPA+AI在企业财务领域应用研究及实践""",S_46
1/5/2023 6:26,filed,CRISPR-Cas检测系统在食品供应链中安全防控的应用研究进展,S_6
1/3/2023 1:50,button,"""检索""",S_5
1/4/2023 0:59,filed,基于CRISPR/Cas12a系统联合重组酶聚合酶扩增的鸭星状病毒2型核酸检测试纸条的制备,S_45
1/5/2023 1:04,button,CRISPR-Cas检测系统在食品供应链中安全防控的应用研究进展,S_34
1/4/2023 14:47,button,CRISPR-Cas检测系统在食品供应链中安全防控的应用研究进展,S_12
1/2/2023 21:09,filed," ""基因编辑水稻RPA-CRISPR/Cas12b快速检测方法的建立""",S_1
1/4/2023 23:00,button," ""基因编辑水稻RPA-CRISPR/Cas12b快速检测方法的建立""",S_50
1/4/2023 6:28,button," ""基因编辑水稻RPA-CRISPR/Cas12b快速检测方法的建立""",S_8
1/2/2023 17:14,filed," ""RPA+AI在企业财务领域应用研究及实践""",S_27
1/5/2023 8:19,filed,基于RPA-LFD可视化快速检测肺炎克雷伯菌方法的建立及评价,S_44
1/4/2023 16:15,filed,基于RPA-LFD可视化快速检测肺炎克雷伯菌方法的建立及评价,S_48
1/3/2023 14:17,button,基于RPA-LFD可视化快速检测肺炎克雷伯菌方法的建立及评价,S_42
1/3/2023 21:43,filed,CRISPR-Cas检测系统在食品供应链中安全防控的应用研究进展,S_38
1/2/2023 21:37,button,"""搜索""",S_30
1/4/2023 11:22,filed,热带水产品中溶藻弧菌重组酶聚合酶等温扩增快速检测方法的建立,S_10
1/4/2023 16:41,filed,热带水产品中溶藻弧菌重组酶聚合酶等温扩增快速检测方法的建立,S_27
1/2/2023 20:10,filed,热带水产品中溶藻弧菌重组酶聚合酶等温扩增快速检测方法的建立,S_36
1/5/2023 6:06,button," ""基因编辑水稻RPA-CRISPR/Cas12b快速检测方法的建立""",S_32
1/4/2023 6:14,button," ""RPA+AI在企业财务领域应用研究及实践""",S_20
1/3/2023 7:33,button,"""搜索""",S_49
1/2/2023 13:53,button,"""搜索""",S_4
1/4/2023 0:34,filed,"""搜索""",S_28
1/3/2023 2:08,button,CRISPR-Cas检测系统在食品供应链中安全防控的应用研究进展,S_45
1/3/2023 18:57,button,基于CRISPR/Cas12a系统联合重组酶聚合酶扩增的鸭星状病毒2型核酸检测试纸条的制备,S_3
1/5/2023 17:08,filed,热带水产品中溶藻弧菌重组酶聚合酶等温扩增快速检测方法的建立,S_17
1/3/2023 5:48,filed,热带水产品中溶藻弧菌重组酶聚合酶等温扩增快速检测方法的建立,S_7
1/2/2023 15:48,filed,"""PDF下载""",S_5
1/2/2023 15:51,button,"""搜索""",S_12
1/3/2023 19:02,button,基于RPA-LFD可视化快速检测肺炎克雷伯菌方法的建立及评价,S_45
1/2/2023 11:32,filed,热带水产品中溶藻弧菌重组酶聚合酶等温扩增快速检测方法的建立,S_31
1/3/2023 1:11,filed," ""基因编辑水稻RPA-CRISPR/Cas12b快速检测方法的建立""",S_30
1/5/2023 16:47,button,CRISPR-Cas检测系统在食品供应链中安全防控的应用研究进展,S_27
1/2/2023 2:26,filed,热带水产品中溶藻弧菌重组酶聚合酶等温扩增快速检测方法的建立,S_36
1/4/2023 13:01,button,"""检索""",S_15
1/5/2023 15:47,filed,"""检索""",S_11
1/5/2023 7:02,button,"""搜索""",S_41
1/2/2023 18:30,filed," ""RPA+AI在企业财务领域应用研究及实践""",S_22
1/2/2023 15:35,button,基于RPA-LFD可视化快速检测肺炎克雷伯菌方法的建立及评价,S_10
1/3/2023 13:24,button,CRISPR-Cas检测系统在食品供应链中安全防控的应用研究进展,S_9
1/1/2023 9:51,filed,"""检索""",S_29
1/4/2023 5:26,filed,"""搜索""",S_33
1/4/2023 16:23,button," ""RPA+AI在企业财务领域应用研究及实践""",S_19
1/5/2023 14:47,button,"""检索""",S_49
1/2/2023 3:18,filed," ""RPA+AI在企业财务领域应用研究及实践""",S_25
1/3/2023 1:52,button," ""RPA+AI在企业财务领域应用研究及实践""",S_12
1/3/2023 8:31,filed,热带水产品中溶藻弧菌重组酶聚合酶等温扩增快速检测方法的建立,S_22
1/2/2023 4:20,filed,基于RPA-LFD可视化快速检测肺炎克雷伯菌方法的建立及评价,S_36
1/3/2023 11:18,filed,基于RPA-LFD可视化快速检测肺炎克雷伯菌方法的建立及评价,S_8
1/3/2023 0:48,button,"""搜索""",S_18
1/3/2023 0:06,filed,"""PDF下载""",S_31
1/3/2023 2:37,filed,"""检索""",S_40
1/4/2023 12:27,button,"""PDF下载""",S_17
1/3/2023 23:16,button,"""PDF下载""",S_45
1/3/2023 1:06,button,"""搜索""",S_40
1/2/2023 0:57,button,基于CRISPR/Cas12a系统联合重组酶聚合酶扩增的鸭星状病毒2型核酸检测试纸条的制备,S_28
1/1/2023 19:38,button,热带水产品中溶藻弧菌重组酶聚合酶等温扩增快速检测方法的建立,S_19
1/1/2023 10:06,button," ""RPA+AI在企业财务领域应用研究及实践""",S_34
1/4/2023 7:23,button,热带水产品中溶藻弧菌重组酶聚合酶等温扩增快速检测方法的建立,S_14
1/5/2023 13:00,button,"""搜索""",S_39
1/5/2023 6:37,button,"""检索""",S_37
1/5/2023 7:43,button," ""RPA+AI在企业财务领域应用研究及实践""",S_46
1/2/2023 0:21,button,热带水产品中溶藻弧菌重组酶聚合酶等温扩增快速检测方法的建立,S_28
1/3/2023 19:34,button,"""搜索""",S_38
1/3/2023 0:55,filed," ""RPA+AI在企业财务领域应用研究及实践""",S_21
1/5/2023 3:15,filed,基于CRISPR/Cas12a系统联合重组酶聚合酶扩增的鸭星状病毒2型核酸检测试纸条的制备,S_4
1/3/2023 8:24,button," ""基因编辑水稻RPA-CRISPR/Cas12b快速检测方法的建立""",S_26
1/5/2023 4:40,filed," ""基因编辑水稻RPA-CRISPR/Cas12b快速检测方法的建立""",S_21
1/2/2023 12:20,filed,CRISPR-Cas检测系统在食品供应链中安全防控的应用研究进展,S_34
1/5/2023 3:35,button,基于RPA-LFD可视化快速检测肺炎克雷伯菌方法的建立及评价,S_37
1/3/2023 23:40,filed,"""检索""",S_33
1/1/2023 10:55,button,CRISPR-Cas检测系统在食品供应链中安全防控的应用研究进展,S_43
1/3/2023 5:29,filed," ""RPA+AI在企业财务领域应用研究及实践""",S_7
1/4/2023 4:03,filed,"""搜索""",S_22
1/4/2023 18:26,button," ""RPA+AI在企业财务领域应用研究及实践""",S_4
1/4/2023 1:06,button," ""RPA+AI在企业财务领域应用研究及实践""",S_43
1/5/2023 1:21,filed,基于CRISPR/Cas12a系统联合重组酶聚合酶扩增的鸭星状病毒2型核酸检测试纸条的制备,S_27
1/5/2023 9:44,button,CRISPR-Cas检测系统在食品供应链中安全防控的应用研究进展,S_4
1/2/2023 23:46,filed,基于RPA-LFD可视化快速检测肺炎克雷伯菌方法的建立及评价,S_30
1/2/2023 16:08,filed,"""搜索""",S_17
1/1/2023 23:12,button,CRISPR-Cas检测系统在食品供应链中安全防控的应用研究进展,S_1
1/3/2023 21:06,filed," ""基因编辑水稻RPA-CRISPR/Cas12b快速检测方法的建立""",S_28
1/5/2023 11:13,button,"""搜索""",S_3
1/4/2023 18:42,button,"""PDF下载""",S_19
1/5/2023 7:20,button," ""基因编辑水稻RPA-CRISPR/Cas12b快速检测方法的建立""",S_24
1/5/2023 9:39,filed,"""PDF下载""",S_36
1/3/2023 3:25,filed," ""基因编辑水稻RPA-CRISPR/Cas12b快速检测方法的建立""",S_48
1/4/2023 17:22,button,"""PDF下载""",S_9
1/6/2023 5:14,filed,CRISPR-Cas检测系统在食品供应链中安全防控的应用研究进展,S_49
1/4/2023 2:48,filed,热带水产品中溶藻弧菌重组酶聚合酶等温扩增快速检测方法的建立,S_26
1/5/2023 19:44,filed,"""PDF下载""",S_8
1/1/2023 21:38,filed,热带水产品中溶藻弧菌重组酶聚合酶等温扩增快速检测方法的建立,S_46
1/6/2023 5:41,button,基于CRISPR/Cas12a系统联合重组酶聚合酶扩增的鸭星状病毒2型核酸检测试纸条的制备,S_11
1/2/2023 10:56,button," ""基因编辑水稻RPA-CRISPR/Cas12b快速检测方法的建立""",S_30
1/1/2023 18:52,filed,基于RPA-LFD可视化快速检测肺炎克雷伯菌方法的建立及评价,S_46
1/4/2023 11:01,button,"""检索""",S_42
1/2/2023 8:01,filed,基于CRISPR/Cas12a系统联合重组酶聚合酶扩增的鸭星状病毒2型核酸检测试纸条的制备,S_4
1/2/2023 3:24,filed," ""RPA+AI在企业财务领域应用研究及实践""",S_20
1/6/2023 3:01,button,"""搜索""",S_2
1/2/2023 19:29,button,"""检索""",S_22
1/5/2023 5:36,button,"""PDF下载""",S_8
1/1/2023 14:18,button,基于RPA-LFD可视化快速检测肺炎克雷伯菌方法的建立及评价,S_15
1/1/2023 12:04,filed," ""基因编辑水稻RPA-CRISPR/Cas12b快速检测方法的建立""",S_37
1/6/2023 1:46,filed,热带水产品中溶藻弧菌重组酶聚合酶等温扩增快速检测方法的建立,S_27
1/3/2023 22:04,button,"""PDF下载""",S_28
1/4/2023 9:48,button," ""基因编辑水稻RPA-CRISPR/Cas12b快速检测方法的建立""",S_24
1/5/2023 3:18,button,基于CRISPR/Cas12a系统联合重组酶聚合酶扩增的鸭星状病毒2型核酸检测试纸条的制备,S_35
1/4/2023 22:18,button,CRISPR-Cas检测系统在食品供应链中安全防控的应用研究进展,S_25
1/3/2023 4:08,button," ""RPA+AI在企业财务领域应用研究及实践""",S_50
1/3/2023 12:12,filed,热带水产品中溶藻弧菌重组酶聚合酶等温扩增快速检测方法的建立,S_50
1/5/2023 16:58,filed," ""RPA+AI在企业财务领域应用研究及实践""",S_4
1/4/2023 23:11,button,"""检索""",S_48
1/4/2023 16:17,filed," ""RPA+AI在企业财务领域应用研究及实践""",S_15
1/4/2023 23:25,button,"""PDF下载""",S_18
1/5/2023 5:44,button,热带水产品中溶藻弧菌重组酶聚合酶等温扩增快速检测方法的建立,S_44
1/4/2023 0:14,filed,热带水产品中溶藻弧菌重组酶聚合酶等温扩增快速检测方法的建立,S_40
1/5/2023 18:01,button,"""搜索""",S_14
1/3/2023 11:06,button,基于CRISPR/Cas12a系统联合重组酶聚合酶扩增的鸭星状病毒2型核酸检测试纸条的制备,S_7
1/3/2023 15:33,button,"""PDF下载""",S_32
1/5/2023 11:22,button,"""PDF下载""",S_8
1/2/2023 14:14,filed," ""RPA+AI在企业财务领域应用研究及实践""",S_12
1/3/2023 20:47,button,CRISPR-Cas检测系统在食品供应链中安全防控的应用研究进展,S_26
1/3/2023 9:21,button,CRISPR-Cas检测系统在食品供应链中安全防控的应用研究进展,S_40
1/4/2023 7:12,filed,基于CRISPR/Cas12a系统联合重组酶聚合酶扩增的鸭星状病毒2型核酸检测试纸条的制备,S_39
1/1/2023 17:26,button,"""搜索""",S_44
1/2/2023 18:26,filed,"""搜索""",S_16
1/1/2023 12:37,button,热带水产品中溶藻弧菌重组酶聚合酶等温扩增快速检测方法的建立,S_45
1/3/2023 21:41,filed,基于RPA-LFD可视化快速检测肺炎克雷伯菌方法的建立及评价,S_41
1/5/2023 23:44,filed,"""检索""",S_44
1/6/2023 9:48,button,"""检索""",S_8
1/6/2023 10:10,button,热带水产品中溶藻弧菌重组酶聚合酶等温扩增快速检测方法的建立,S_26
1/6/2023 12:53,button," ""基因编辑水稻RPA-CRISPR/Cas12b快速检测方法的建立""",S_11
1/5/2023 5:02,button,CRISPR-Cas检测系统在食品供应链中安全防控的应用研究进展,S_43
1/4/2023 11:33,button,"""PDF下载""",S_10
1/2/2023 5:27,button," ""RPA+AI在企业财务领域应用研究及实践""",S_20
1/4/2023 6:13,button,"""搜索""",S_35
1/1/2023 18:26,button,"""检索""",S_3
1/6/2023 1:55,filed,"""搜索""",S_39
1/6/2023 8:28,filed," ""基因编辑水稻RPA-CRISPR/Cas12b快速检测方法的建立""",S_16
1/4/2023 19:37,filed," ""基因编辑水稻RPA-CRISPR/Cas12b快速检测方法的建立""",S_45
1/6/2023 15:51,filed," ""RPA+AI在企业财务领域应用研究及实践""",S_49
1/3/2023 8:27,filed," ""RPA+AI在企业财务领域应用研究及实践""",S_48
1/6/2023 8:40,button,基于RPA-LFD可视化快速检测肺炎克雷伯菌方法的建立及评价,S_32
1/4/2023 15:20,filed,"""PDF下载""",S_17
1/2/2023 22:32,filed,基于CRISPR/Cas12a系统联合重组酶聚合酶扩增的鸭星状病毒2型核酸检测试纸条的制备,S_14
1/5/2023 23:26,filed,"""检索""",S_46
1/5/2023 18:24,button,热带水产品中溶藻弧菌重组酶聚合酶等温扩增快速检测方法的建立,S_44
1/6/2023 8:48,filed,基于RPA-LFD可视化快速检测肺炎克雷伯菌方法的建立及评价,S_31
1/6/2023 16:32,button," ""基因编辑水稻RPA-CRISPR/Cas12b快速检测方法的建立""",S_36
1/5/2023 20:07,button,"""检索""",S_3
1/5/2023 13:57,filed,基于RPA-LFD可视化快速检测肺炎克雷伯菌方法的建立及评价,S_38
1/2/2023 8:45,button," ""基因编辑水稻RPA-CRISPR/Cas12b快速检测方法的建立""",S_22
1/4/2023 12:07,filed,CRISPR-Cas检测系统在食品供应链中安全防控的应用研究进展,S_6
1/2/2023 15:47,button,"""搜索""",S_4
1/2/2023 14:31,filed,CRISPR-Cas检测系统在食品供应链中安全防控的应用研究进展,S_35
1/1/2023 13:01,button,"""PDF下载""",S_31
1/3/2023 8:45,filed,基于CRISPR/Cas12a系统联合重组酶聚合酶扩增的鸭星状病毒2型核酸检测试纸条的制备,S_12
1/5/2023 17:56,button,热带水产品中溶藻弧菌重组酶聚合酶等温扩增快速检测方法的建立,S_43
1/2/2023 21:54,button," ""RPA+AI在企业财务领域应用研究及实践""",S_31
1/3/2023 17:16,filed,基于RPA-LFD可视化快速检测肺炎克雷伯菌方法的建立及评价,S_50
1/4/2023 10:42,button,"""检索""",S_32
1/1/2023 23:50,filed," ""基因编辑水稻RPA-CRISPR/Cas12b快速检测方法的建立""",S_7
1/3/2023 6:28,filed,CRISPR-Cas检测系统在食品供应链中安全防控的应用研究进展,S_4
1/3/2023 6:45,button,基于CRISPR/Cas12a系统联合重组酶聚合酶扩增的鸭星状病毒2型核酸检测试纸条的制备,S_28
1/6/2023 13:39,button,CRISPR-Cas检测系统在食品供应链中安全防控的应用研究进展,S_10
1/4/2023 15:09,button,基于CRISPR/Cas12a系统联合重组酶聚合酶扩增的鸭星状病毒2型核酸检测试纸条的制备,S_34
1/5/2023 18:29,filed,"""检索""",S_29
1/4/2023 19:07,button,"""PDF下载""",S_16
1/5/2023 3:26,filed,"""检索""",S_34
1/5/2023 2:53,button," ""RPA+AI在企业财务领域应用研究及实践""",S_14
1/1/2023 11:46,filed,热带水产品中溶藻弧菌重组酶聚合酶等温扩增快速检测方法的建立,S_24
1/5/2023 2:00,filed,CRISPR-Cas检测系统在食品供应链中安全防控的应用研究进展,S_30
1/1/2023 17:48,button,"""搜索""",S_2
1/3/2023 3:59,button,基于RPA-LFD可视化快速检测肺炎克雷伯菌方法的建立及评价,S_19
1/3/2023 23:03,filed,"""检索""",S_12
1/4/2023 2:02,button," ""RPA+AI在企业财务领域应用研究及实践""",S_50
1/1/2023 23:28,button,热带水产品中溶藻弧菌重组酶聚合酶等温扩增快速检测方法的建立,S_10
1/4/2023 10:04,button,"""PDF下载""",S_12
1/3/2023 18:39,button," ""RPA+AI在企业财务领域应用研究及实践""",S_17
1/6/2023 7:15,button,热带水产品中溶藻弧菌重组酶聚合酶等温扩增快速检测方法的建立,S_38
1/5/2023 3:54,filed," ""RPA+AI在企业财务领域应用研究及实践""",S_19
1/5/2023 15:45,button,基于RPA-LFD可视化快速检测肺炎克雷伯菌方法的建立及评价,S_32
1/6/2023 13:20,filed," ""基因编辑水稻RPA-CRISPR/Cas12b快速检测方法的建立""",S_30
1/2/2023 12:42,button,"""检索""",S_29
1/1/2023 19:46,filed,热带水产品中溶藻弧菌重组酶聚合酶等温扩增快速检测方法的建立,S_31
1/4/2023 5:21,filed," ""基因编辑水稻RPA-CRISPR/Cas12b快速检测方法的建立""",S_7
1/6/2023 23:56,button,热带水产品中溶藻弧菌重组酶聚合酶等温扩增快速检测方法的建立,S_7
1/3/2023 0:54,button,"""PDF下载""",S_19
1/3/2023 18:41,filed,CRISPR-Cas检测系统在食品供应链中安全防控的应用研究进展,S_4
1/3/2023 8:44,button,基于CRISPR/Cas12a系统联合重组酶聚合酶扩增的鸭星状病毒2型核酸检测试纸条的制备,S_38
1/6/2023 11:36,filed,热带水产品中溶藻弧菌重组酶聚合酶等温扩增快速检测方法的建立,S_40
1/3/2023 13:39,filed,"""PDF下载""",S_22
1/4/2023 13:02,button," ""基因编辑水稻RPA-CRISPR/Cas12b快速检测方法的建立""",S_9
1/6/2023 2:54,button," ""基因编辑水稻RPA-CRISPR/Cas12b快速检测方法的建立""",S_30
1/2/2023 6:13,button,基于RPA-LFD可视化快速检测肺炎克雷伯菌方法的建立及评价,S_48
1/3/2023 14:36,button,CRISPR-Cas检测系统在食品供应链中安全防控的应用研究进展,S_31
1/5/2023 15:08,button,基于RPA-LFD可视化快速检测肺炎克雷伯菌方法的建立及评价,S_47
1/5/2023 13:39,filed,热带水产品中溶藻弧菌重组酶聚合酶等温扩增快速检测方法的建立,S_25
1/6/2023 18:47,filed,"""检索""",S_44
1/4/2023 10:55,filed,"""搜索""",S_19
1/3/2023 9:10,button," ""RPA+AI在企业财务领域应用研究及实践""",S_13
1/5/2023 11:22,filed,"""PDF下载""",S_7
1/2/2023 23:34,button,"""搜索""",S_42
1/6/2023 0:07,filed,热带水产品中溶藻弧菌重组酶聚合酶等温扩增快速检测方法的建立,S_40
1/2/2023 1:23,filed,"""检索""",S_24
1/1/2023 12:10,filed,"""搜索""",S_30
1/2/2023 7:01,button,基于RPA-LFD可视化快速检测肺炎克雷伯菌方法的建立及评价,S_33
1/5/2023 23:02,button,基于CRISPR/Cas12a系统联合重组酶聚合酶扩增的鸭星状病毒2型核酸检测试纸条的制备,S_21
1/4/2023 2:39,button,CRISPR-Cas检测系统在食品供应链中安全防控的应用研究进展,S_5
1/6/2023 6:32,button,基于RPA-LFD可视化快速检测肺炎克雷伯菌方法的建立及评价,S_8
1/2/2023 4:47,filed,基于RPA-LFD可视化快速检测肺炎克雷伯菌方法的建立及评价,S_31
1/4/2023 4:31,button,基于CRISPR/Cas12a系统联合重组酶聚合酶扩增的鸭星状病毒2型核酸检测试纸条的制备,S_8
1/3/2023 13:23,filed,基于RPA-LFD可视化快速检测肺炎克雷伯菌方法的建立及评价,S_5
1/4/2023 17:49,filed,"""检索""",S_43
1/3/2023 11:52,filed,"""PDF下载""",S_42
1/2/2023 12:26,filed,基于RPA-LFD可视化快速检测肺炎克雷伯菌方法的建立及评价,S_1
1/1/2023 17:10,filed," ""RPA+AI在企业财务领域应用研究及实践""",S_36
1/3/2023 10:24,button,热带水产品中溶藻弧菌重组酶聚合酶等温扩增快速检测方法的建立,S_15
1/5/2023 20:43,button,"""搜索""",S_2
1/6/2023 21:24,button,"""检索""",S_39
1/6/2023 22:16,button,CRISPR-Cas检测系统在食品供应链中安全防控的应用研究进展,S_45
1/7/2023 0:19,button,"""检索""",S_31
1/3/2023 0:45,filed,"""搜索""",S_42
1/2/2023 20:46,filed,热带水产品中溶藻弧菌重组酶聚合酶等温扩增快速检测方法的建立,S_23
1/6/2023 16:00,button,"""搜索""",S_1
1/1/2023 14:53,filed,"""PDF下载""",S_25
1/2/2023 16:51,filed,"""检索""",S_25
1/3/2023 16:57,filed,基于CRISPR/Cas12a系统联合重组酶聚合酶扩增的鸭星状病毒2型核酸检测试纸条的制备,S_50
1/3/2023 14:09,filed," ""RPA+AI在企业财务领域应用研究及实践""",S_33
1/2/2023 4:04,button,基于CRISPR/Cas12a系统联合重组酶聚合酶扩增的鸭星状病毒2型核酸检测试纸条的制备,S_44
1/6/2023 20:15,filed,基于RPA-LFD可视化快速检测肺炎克雷伯菌方法的建立及评价,S_38
1/5/2023 23:49,filed,基于CRISPR/Cas12a系统联合重组酶聚合酶扩增的鸭星状病毒2型核酸检测试纸条的制备,S_47
1/5/2023 4:03,filed," ""RPA+AI在企业财务领域应用研究及实践""",S_30
1/5/2023 8:28,filed,"""搜索""",S_9
1/4/2023 20:05,button,CRISPR-Cas检测系统在食品供应链中安全防控的应用研究进展,S_31
1/2/2023 17:40,filed," ""基因编辑水稻RPA-CRISPR/Cas12b快速检测方法的建立""",S_18
1/6/2023 4:33,filed," ""RPA+AI在企业财务领域应用研究及实践""",S_2
1/6/2023 6:52,filed,"""搜索""",S_6
1/6/2023 0:58,filed,CRISPR-Cas检测系统在食品供应链中安全防控的应用研究进展,S_31
1/7/2023 0:32,filed,基于CRISPR/Cas12a系统联合重组酶聚合酶扩增的鸭星状病毒2型核酸检测试纸条的制备,S_26
1/2/2023 12:47,filed,"""检索""",S_6
1/5/2023 15:54,filed,基于RPA-LFD可视化快速检测肺炎克雷伯菌方法的建立及评价,S_23
1/3/2023 17:57,filed,基于RPA-LFD可视化快速检测肺炎克雷伯菌方法的建立及评价,S_34
1/3/2023 23:21,button,基于RPA-LFD可视化快速检测肺炎克雷伯菌方法的建立及评价,S_31
1/3/2023 3:59,button,"""检索""",S_11
1/3/2023 2:20,filed,热带水产品中溶藻弧菌重组酶聚合酶等温扩增快速检测方法的建立,S_17
1/5/2023 7:29,filed,热带水产品中溶藻弧菌重组酶聚合酶等温扩增快速检测方法的建立,S_28
1/6/2023 22:52,filed,热带水产品中溶藻弧菌重组酶聚合酶等温扩增快速检测方法的建立,S_9
1/5/2023 16:15,button,基于RPA-LFD可视化快速检测肺炎克雷伯菌方法的建立及评价,S_49
1/2/2023 16:30,button,"""PDF下载""",S_3
1/7/2023 0:18,filed,"""检索""",S_12
1/7/2023 1:26,filed,"""搜索""",S_2
1/3/2023 16:24,button," ""RPA+AI在企业财务领域应用研究及实践""",S_26
1/4/2023 14:05,filed,"""搜索""",S_45
1/3/2023 6:42,button,基于RPA-LFD可视化快速检测肺炎克雷伯菌方法的建立及评价,S_10
1/3/2023 5:46,filed,基于RPA-LFD可视化快速检测肺炎克雷伯菌方法的建立及评价,S_27
1/5/2023 14:44,filed,"""搜索""",S_30
1/6/2023 11:34,filed,"""搜索""",S_47
1/7/2023 5:00,button,"""检索""",S_40
1/2/2023 13:40,filed," ""基因编辑水稻RPA-CRISPR/Cas12b快速检测方法的建立""",S_4
1/4/2023 5:32,filed," ""基因编辑水稻RPA-CRISPR/Cas12b快速检测方法的建立""",S_33
1/7/2023 4:29,filed,热带水产品中溶藻弧菌重组酶聚合酶等温扩增快速检测方法的建立,S_19
1/5/2023 23:07,button," ""基因编辑水稻RPA-CRISPR/Cas12b快速检测方法的建立""",S_35
1/6/2023 9:11,filed,"""搜索""",S_42
1/4/2023 6:51,filed,基于CRISPR/Cas12a系统联合重组酶聚合酶扩增的鸭星状病毒2型核酸检测试纸条的制备,S_50
1/2/2023 7:23,button,基于CRISPR/Cas12a系统联合重组酶聚合酶扩增的鸭星状病毒2型核酸检测试纸条的制备,S_29
1/3/2023 10:49,button," ""基因编辑水稻RPA-CRISPR/Cas12b快速检测方法的建立""",S_4
1/4/2023 5:35,filed,"""PDF下载""",S_43
1/4/2023 20:24,filed,基于CRISPR/Cas12a系统联合重组酶聚合酶扩增的鸭星状病毒2型核酸检测试纸条的制备,S_38
1/7/2023 7:00,button,CRISPR-Cas检测系统在食品供应链中安全防控的应用研究进展,S_34
1/2/2023 9:46,button,基于CRISPR/Cas12a系统联合重组酶聚合酶扩增的鸭星状病毒2型核酸检测试纸条的制备,S_49
1/1/2023 14:15,filed," ""基因编辑水稻RPA-CRISPR/Cas12b快速检测方法的建立""",S_50
1/4/2023 5:28,button,基于CRISPR/Cas12a系统联合重组酶聚合酶扩增的鸭星状病毒2型核酸检测试纸条的制备,S_40
1/4/2023 21:22,filed,"""搜索""",S_45
1/7/2023 4:46,filed," ""基因编辑水稻RPA-CRISPR/Cas12b快速检测方法的建立""",S_16
1/2/2023 15:27,button," ""基因编辑水稻RPA-CRISPR/Cas12b快速检测方法的建立""",S_17
1/2/2023 8:26,filed,"""PDF下载""",S_10
1/6/2023 3:46,filed,"""检索""",S_35
1/6/2023 6:55,filed,CRISPR-Cas检测系统在食品供应链中安全防控的应用研究进展,S_16
1/6/2023 22:59,button,"""搜索""",S_33
1/2/2023 14:52,button,"""搜索""",S_17
1/7/2023 7:38,button,CRISPR-Cas检测系统在食品供应链中安全防控的应用研究进展,S_29
1/1/2023 12:18,filed,基于CRISPR/Cas12a系统联合重组酶聚合酶扩增的鸭星状病毒2型核酸检测试纸条的制备,S_45
1/7/2023 8:12,button,"""检索""",S_25
1/5/2023 1:58,filed,热带水产品中溶藻弧菌重组酶聚合酶等温扩增快速检测方法的建立,S_30
1/4/2023 0:22,button,基于RPA-LFD可视化快速检测肺炎克雷伯菌方法的建立及评价,S_36
1/6/2023 19:56,button,CRISPR-Cas检测系统在食品供应链中安全防控的应用研究进展,S_38
1/3/2023 18:08,filed,"""PDF下载""",S_14
1/6/2023 9:30,button,热带水产品中溶藻弧菌重组酶聚合酶等温扩增快速检测方法的建立,S_23
1/5/2023 2:43,button,"""PDF下载""",S_26
1/2/2023 15:43,button," ""RPA+AI在企业财务领域应用研究及实践""",S_13
1/5/2023 1:53,filed," ""基因编辑水稻RPA-CRISPR/Cas12b快速检测方法的建立""",S_1
1/4/2023 10:05,filed,基于CRISPR/Cas12a系统联合重组酶聚合酶扩增的鸭星状病毒2型核酸检测试纸条的制备,S_2
1/6/2023 14:01,filed,"""搜索""",S_15
1/2/2023 17:55,button,"""PDF下载""",S_45
1/2/2023 19:29,filed," ""基因编辑水稻RPA-CRISPR/Cas12b快速检测方法的建立""",S_2
1/3/2023 9:57,button,"""搜索""",S_27
1/6/2023 7:36,filed,"""PDF下载""",S_42
1/5/2023 18:03,filed,基于RPA-LFD可视化快速检测肺炎克雷伯菌方法的建立及评价,S_23
1/1/2023 21:10,button,基于CRISPR/Cas12a系统联合重组酶聚合酶扩增的鸭星状病毒2型核酸检测试纸条的制备,S_25
1/6/2023 14:27,button," ""基因编辑水稻RPA-CRISPR/Cas12b快速检测方法的建立""",S_38
1/3/2023 19:17,button,热带水产品中溶藻弧菌重组酶聚合酶等温扩增快速检测方法的建立,S_16
1/4/2023 23:04,button,"""PDF下载""",S_8
1/6/2023 14:20,button,基于RPA-LFD可视化快速检测肺炎克雷伯菌方法的建立及评价,S_41
1/6/2023 8:46,button," ""基因编辑水稻RPA-CRISPR/Cas12b快速检测方法的建立""",S_7
1/5/2023 8:58,filed," ""RPA+AI在企业财务领域应用研究及实践""",S_32
1/7/2023 1:41,button,热带水产品中溶藻弧菌重组酶聚合酶等温扩增快速检测方法的建立,S_39
1/1/2023 18:40,button,热带水产品中溶藻弧菌重组酶聚合酶等温扩增快速检测方法的建立,S_42
1/5/2023 10:35,button," ""RPA+AI在企业财务领域应用研究及实践""",S_50
1/4/2023 17:59,button,"""PDF下载""",S_30
1/7/2023 9:04,filed," ""基因编辑水稻RPA-CRISPR/Cas12b快速检测方法的建立""",S_25
1/6/2023 0:31,button,基于CRISPR/Cas12a系统联合重组酶聚合酶扩增的鸭星状病毒2型核酸检测试纸条的制备,S_5
1/6/2023 14:46,button,基于CRISPR/Cas12a系统联合重组酶聚合酶扩增的鸭星状病毒2型核酸检测试纸条的制备,S_15
1/4/2023 14:24,button,"""检索""",S_44
1/5/2023 20:09,filed,"""PDF下载""",S_37
1/2/2023 10:00,button,热带水产品中溶藻弧菌重组酶聚合酶等温扩增快速检测方法的建立,S_44
1/2/2023 3:43,button,基于CRISPR/Cas12a系统联合重组酶聚合酶扩增的鸭星状病毒2型核酸检测试纸条的制备,S_39
1/1/2023 20:38,filed,"""搜索""",S_36
1/1/2023 22:29,button," ""RPA+AI在企业财务领域应用研究及实践""",S_37
1/2/2023 16:59,filed," ""基因编辑水稻RPA-CRISPR/Cas12b快速检测方法的建立""",S_14
1/3/2023 3:03,filed,基于RPA-LFD可视化快速检测肺炎克雷伯菌方法的建立及评价,S_14
1/4/2023 8:27,filed,"""搜索""",S_17
1/2/2023 23:58,button,CRISPR-Cas检测系统在食品供应链中安全防控的应用研究进展,S_20
1/5/2023 14:49,filed,"""检索""",S_33
1/4/2023 11:52,button,"""搜索""",S_35
1/1/2023 23:56,button,"""PDF下载""",S_20
1/6/2023 10:32,button,"""检索""",S_10
1/5/2023 16:50,filed,CRISPR-Cas检测系统在食品供应链中安全防控的应用研究进展,S_48
1/2/2023 12:30,button,基于RPA-LFD可视化快速检测肺炎克雷伯菌方法的建立及评价,S_16
1/2/2023 11:12,filed,"""检索""",S_28
1/4/2023 2:12,filed," ""RPA+AI在企业财务领域应用研究及实践""",S_10
1/4/2023 16:10,button,基于RPA-LFD可视化快速检测肺炎克雷伯菌方法的建立及评价,S_12
1/6/2023 1:25,filed,基于CRISPR/Cas12a系统联合重组酶聚合酶扩增的鸭星状病毒2型核酸检测试纸条的制备,S_35
1/5/2023 11:04,button," ""基因编辑水稻RPA-CRISPR/Cas12b快速检测方法的建立""",S_32
1/7/2023 8:28,filed,热带水产品中溶藻弧菌重组酶聚合酶等温扩增快速检测方法的建立,S_45
1/1/2023 20:36,filed," ""RPA+AI在企业财务领域应用研究及实践""",S_21
1/5/2023 23:12,filed," ""基因编辑水稻RPA-CRISPR/Cas12b快速检测方法的建立""",S_34
1/4/2023 17:12,filed,热带水产品中溶藻弧菌重组酶聚合酶等温扩增快速检测方法的建立,S_24
1/4/2023 11:05,filed,"""检索""",S_3
1/4/2023 0:56,button,"""检索""",S_18
1/6/2023 19:37,filed," ""RPA+AI在企业财务领域应用研究及实践""",S_22
1/7/2023 14:55,button,"""PDF下载""",S_44
1/6/2023 0:26,button,CRISPR-Cas检测系统在食品供应链中安全防控的应用研究进展,S_14
1/5/2023 4:48,button,基于RPA-LFD可视化快速检测肺炎克雷伯菌方法的建立及评价,S_14
1/6/2023 12:35,button," ""基因编辑水稻RPA-CRISPR/Cas12b快速检测方法的建立""",S_15
1/4/2023 17:52,button,CRISPR-Cas检测系统在食品供应链中安全防控的应用研究进展,S_38
1/7/2023 1:03,filed,基于RPA-LFD可视化快速检测肺炎克雷伯菌方法的建立及评价,S_6
1/5/2023 6:16,button,"""PDF下载""",S_31
1/4/2023 11:03,button," ""RPA+AI在企业财务领域应用研究及实践""",S_42
1/7/2023 4:44,filed,"""检索""",S_46
1/2/2023 10:42,filed,基于CRISPR/Cas12a系统联合重组酶聚合酶扩增的鸭星状病毒2型核酸检测试纸条的制备,S_35
1/3/2023 13:11,button,基于CRISPR/Cas12a系统联合重组酶聚合酶扩增的鸭星状病毒2型核酸检测试纸条的制备,S_23
1/3/2023 18:09,filed," ""基因编辑水稻RPA-CRISPR/Cas12b快速检测方法的建立""",S_6
1/4/2023 19:38,button," ""RPA+AI在企业财务领域应用研究及实践""",S_11
1/1/2023 16:12,button,CRISPR-Cas检测系统在食品供应链中安全防控的应用研究进展,S_36
1/6/2023 19:44,button,CRISPR-Cas检测系统在食品供应链中安全防控的应用研究进展,S_33
1/1/2023 13:12,filed,热带水产品中溶藻弧菌重组酶聚合酶等温扩增快速检测方法的建立,S_13
1/6/2023 7:06,filed,CRISPR-Cas检测系统在食品供应链中安全防控的应用研究进展,S_5
1/5/2023 7:36,button,热带水产品中溶藻弧菌重组酶聚合酶等温扩增快速检测方法的建立,S_48
1/3/2023 21:03,filed,CRISPR-Cas检测系统在食品供应链中安全防控的应用研究进展,S_37
1/7/2023 15:57,button," ""基因编辑水稻RPA-CRISPR/Cas12b快速检测方法的建立""",S_50
1/4/2023 1:01,filed,"""搜索""",S_6
1/3/2023 19:01,filed," ""RPA+AI在企业财务领域应用研究及实践""",S_26
1/7/2023 14:12,filed,"""PDF下载""",S_11
1/3/2023 5:52,filed,"""搜索""",S_44
1/7/2023 1:46,button,基于CRISPR/Cas12a系统联合重组酶聚合酶扩增的鸭星状病毒2型核酸检测试纸条的制备,S_1
1/6/2023 23:42,filed,基于RPA-LFD可视化快速检测肺炎克雷伯菌方法的建立及评价,S_25
1/3/2023 23:29,button,CRISPR-Cas检测系统在食品供应链中安全防控的应用研究进展,S_35
1/6/2023 10:06,button," ""RPA+AI在企业财务领域应用研究及实践""",S_38
